simulation_id,mean_daily_return,estimated_se,ci_lower,ci_upper,covers_trus_mean,t_statistic,p_value,reject_null,sample_sharpe
1,0.0001624839545843968,0.0006603398715542031,-0.0011380291588921699,0.0014629970680609633,True,0.24606109911547194,0.8058360321281226,False,0.24606109911547197
2,0.0001518624876366642,0.0006212226171313114,-0.001071610749055794,0.0013753357243291222,True,0.24445743514287432,0.8070762800117817,False,0.24445743514287432
3,0.00023293257021699747,0.000591293645465502,-0.0009315967471379188,0.0013974618875719138,True,0.3939372120828711,0.6939618532068579,False,0.39393721208287114
4,0.0006329928494728846,0.0006227288778717693,-0.0005934469078397351,0.0018594326067855043,True,1.0164822476776623,0.3103785922930846,False,1.0164822476776625
5,0.0011103081420139958,0.0006359309786922347,-0.0001421326277803391,0.0023627489118083307,True,1.7459569972472446,0.08204191608533763,False,1.7459569972472446
6,0.0005258113819220228,0.000646846980997601,-0.0007481280202530224,0.001799750784097068,True,0.8128837226867615,0.4170550827454525,False,0.8128837226867615
7,0.0008358858673917349,0.0006383516307964237,-0.0004213222804457475,0.0020930940152292174,True,1.3094442421159989,0.19158126902323588,False,1.3094442421159986
8,-0.0007878112585662416,0.0005844482172684369,-0.0019388587773487165,0.0003632362602162334,True,-1.3479573301605268,0.178887376776192,False,-1.347957330160527
9,0.0006886122152324272,0.0006488863637743108,-0.0005893436702094347,0.001966568100674289,True,1.0612215846655293,0.2896092508205454,False,1.0612215846655293
10,-0.00010412850987582487,0.0006129629257057155,-0.0013113346128164243,0.0011030775930647744,True,-0.16987733761538648,0.8652434427460612,False,-0.16987733761538645
11,0.00015028230259610595,0.000615464414798237,-0.0010618503836210505,0.0013624149888132625,True,0.24417707828871282,0.8072931536988944,False,0.24417707828871282
12,-0.00035290166778758215,0.0005928147180743395,-0.0015204266771483245,0.00081462334157316,True,-0.5952984246644969,0.552180341627884,False,-0.5952984246644969
13,0.0002972756477475681,0.0006434856256795952,-0.0009700436988190949,0.001564594994314231,True,0.4619771380807623,0.6444978764656297,False,0.46197713808076235
14,0.0005606259684233825,0.0006093957137176672,-0.0006395546523846771,0.001760806589231442,True,0.9199703178140833,0.35847156156584487,False,0.9199703178140833
15,-0.0007842525396148909,0.0006264282063195063,-0.002017977977172769,0.00044947289794298724,True,-1.2519432102565429,0.21175593510655566,False,-1.2519432102565429
16,-1.926415896646219e-05,0.0005820332690802656,-0.0011655555333415259,0.0011270272154086016,True,-0.03309803750033669,0.9736227121565352,False,-0.0330980375003367
17,0.0003319050805979983,0.000693101886844095,-0.0010331315189557328,0.0016969416801517294,True,0.4788691055354987,0.6324486466657723,False,0.4788691055354988
18,0.00011378850286430594,0.0006360315324567611,-0.0011388503035699611,0.0013664273092985732,True,0.17890387041784214,0.8581575068355742,False,0.17890387041784214
19,0.0009228474629709618,0.0005896268116645394,-0.000238399091507565,0.0020840940174494888,True,1.5651382276286374,0.1188103604505838,False,1.5651382276286379
20,0.0005601187794101865,0.0006556997909942207,-0.000731255879952377,0.00185149343877275,True,0.8542305291281133,0.39379181691677145,False,0.8542305291281135
21,-0.00035415960713668245,0.0006523741814382446,-0.0016389846107474732,0.0009306653964741083,True,-0.5428780249333153,0.5876955205363948,False,-0.5428780249333153
22,0.0008796226179280458,0.0006405875429473334,-0.00038198906996222146,0.002141234305818313,True,1.3731497398168495,0.17093120945110749,False,1.3731497398168497
23,0.0006097695856848029,0.0006215154256143339,-0.0006142803256691619,0.0018338194970387678,True,0.9811012897742306,0.327487504240547,False,0.9811012897742305
24,0.0005352481562697323,0.000626998907974026,-0.0006996012554983334,0.001770097568037798,True,0.8536668078087075,0.39410357782459,False,0.8536668078087075
25,-0.0006612605652314148,0.0006407610860573718,-0.0019232140393746116,0.000600692908911782,True,-1.0319923909552264,0.3030690250550942,False,-1.0319923909552267
26,0.00016320326679210629,0.0006921409436760289,-0.0011999407934114954,0.0015263473269957078,True,0.23579484537544854,0.8137841508361572,False,0.23579484537544856
27,0.0006659755908877579,0.0006253212224572567,-0.00056556968598124,0.0018975208677567558,True,1.0650135753761019,0.287893215681765,False,1.065013575376102
28,-0.0002880551957891423,0.0006292034191004518,-0.0015272463045411775,0.0009511359129628931,True,-0.4578093300906785,0.6474854896261137,False,-0.45780933009067853
29,0.0009806056293440492,0.0006461987538864435,-0.0002920571153173625,0.002253268374005461,True,1.51749848393606,0.13039934104363377,False,1.5174984839360601
30,-0.0003924731824925486,0.0006397008127543079,-0.001652338490535373,0.0008673921255502757,True,-0.6135261588971704,0.5400840773456133,False,-0.6135261588971704
31,-0.00017606217485611634,0.0006551822502462276,-0.0014664175582995394,0.0011142932085873066,True,-0.2687224429385097,0.7883640197572999,False,-0.2687224429385098
32,0.001002022714718278,0.0006295109913696717,-0.0002377741453849832,0.0022418195748215393,True,1.5917477668469397,0.11269998241632749,False,1.5917477668469397
33,-0.0006382244472646321,0.00059468041485557,-0.0018094238722320688,0.0005329749777028045,True,-1.073222576902314,0.2842019728395995,False,-1.073222576902314
34,0.0004977678725190053,0.0006209680348917688,-0.0007252039745781159,0.0017207397196161264,True,0.8015998321165813,0.4235426854184603,False,0.8015998321165814
35,-0.00027693635400792506,0.0006570034076511166,-0.0015708784345277926,0.0010170057265119423,True,-0.42151433429852836,0.6737403000309801,False,-0.4215143342985283
36,0.00030187066891050113,0.0006341474439367842,-0.0009470575001191014,0.0015507988379401035,True,0.47602599647250726,0.6344699253472387,False,0.47602599647250726
37,6.385577526738235e-07,0.0006573903530274424,-0.0012940655962959758,0.0012953427118013233,True,0.0009713524844608834,0.9992257445248397,False,0.0009713524844608835
38,0.00040160539567454947,0.0006482859910193452,-0.0008751680795048985,0.0016783788708539975,True,0.6194880056610158,0.5361568302286843,False,0.6194880056610159
39,-0.000917024797595088,0.0006228707533438578,-0.002143743973007205,0.00030969437781702875,True,-1.472255347794186,0.1422046945573715,False,-1.4722553477941862
40,-0.0008973927506066504,0.0005750575284400875,-0.0020299456812354496,0.00023516018002214866,True,-1.5605269146565837,0.11989534452646412,False,-1.5605269146565839
41,0.0009924499854730767,0.0006681576416480751,-0.00032345991526895644,0.00230835988621511,True,1.485353041873626,0.13870517815652353,False,1.4853530418736263
42,-0.0006086101586900818,0.000659130866124965,-0.0019067421840592656,0.000689521866679102,True,-0.923352538879123,0.35671027757977886,False,-0.923352538879123
43,0.0005211604090662995,0.000655041817057237,-0.0007689183967968242,0.0018112392149294233,True,0.7956139524154394,0.42700821176857506,False,0.7956139524154394
44,0.0006897792594369154,0.0006101579698158197,-0.000511902594439415,0.0018914611133132456,True,1.1304929109507984,0.2593476600774729,False,1.1304929109507984
45,-0.0009204301171200141,0.0005497896141960083,-0.0020032188956201785,0.00016235866138015033,True,-1.6741496990008016,0.0953467579732112,False,-1.6741496990008018
46,9.479386491658734e-06,0.0006067207979531274,-0.001185433094106964,0.0012043918670902815,True,0.01562396826289622,0.9875467958632645,False,0.01562396826289622
47,-0.0017898323418513511,0.0006208412150816037,-0.003012554422376328,-0.0005671102613263744,False,-2.882914823262973,0.004281651337232462,True,-2.8829148232629733
48,-0.00039779076799865656,0.0006579178503585655,-0.0016935338070609202,0.0008979522710636071,True,-0.6046207254930998,0.5459771964445671,False,-0.6046207254930999
49,-0.0001750147327790455,0.0006253457826261295,-0.0014066083799238126,0.0010565789143657215,True,-0.2798687344529197,0.7798087159008411,False,-0.2798687344529197
50,0.0011871099687274494,0.0006455878732315876,-8.434967078064289e-05,0.0024585696082355417,True,1.8388046274555792,0.06712526368045942,False,1.8388046274555794
51,7.477620025436046e-05,0.0006241248768013201,-0.0011544129214272575,0.0013039653219359786,True,0.11980967757220841,0.9047297565874846,False,0.11980967757220842
52,-0.0001325636939396513,0.0006175713073395585,-0.0013488458212199763,0.001083718433340674,True,-0.2146532592498893,0.8302119586130149,False,-0.2146532592498893
53,0.0005280007389872066,0.0006191311821384114,-0.0006913534996689092,0.0017473549776433226,True,0.8528091529222446,0.3945781841322551,False,0.8528091529222447
54,0.0005867664757208364,0.0006132906918978557,-0.0006210851496990119,0.0017946181011406848,True,0.9567509885158392,0.3396135492544186,False,0.9567509885158392
55,-8.132138787057456e-05,0.0006728316756372941,-0.00140643661265507,0.001243793836913921,True,-0.12086438676292759,0.9038951472050529,False,-0.12086438676292757
56,0.0005416559256366074,0.0006644195938112647,-0.0007668920385633648,0.0018502038898365798,True,0.8152317160448921,0.4157125647846622,False,0.8152317160448921
57,-0.0011708144367155763,0.000627739430710921,-0.0024071222785613123,6.549340513015969e-05,True,-1.8651280761344202,0.06333029071456185,False,-1.8651280761344204
58,0.0002066135915517128,0.000616051364234936,-0.0010066750682364142,0.0014199022513398398,True,0.33538370913000537,0.737615797681989,False,0.33538370913000537
59,-0.00011213217150445399,0.0006196770885877467,-0.0013325615512003212,0.0011082972081914134,True,-0.180952585741075,0.8565508189222967,False,-0.18095258574107503
60,-0.00042432999540257453,0.0005861938163592574,-0.0015788154021670999,0.0007301554113619507,True,-0.7238732029587255,0.4698176931377457,False,-0.7238732029587255
61,0.0011262080578777133,0.0006322187055774582,-0.00011892153766447405,0.002371337653419901,True,1.7813583304990213,0.0760630750235885,False,1.7813583304990215
62,0.0006761809058328192,0.0006097434864537667,-0.0005246846395471015,0.0018770464512127398,True,1.10895962130805,0.26850900959440865,False,1.10895962130805
63,-2.0687086626011167e-05,0.0006415651388300189,-0.0012842241107255258,0.0012428499374735034,True,-0.03224471744792256,0.9743025208694689,False,-0.03224471744792256
64,-0.00047500320744975414,0.0006519352464907828,-0.00175896374613918,0.0008089573312396719,True,-0.7286048883023075,0.466922623376282,False,-0.7286048883023075
65,-0.000893749229463938,0.0006462204422107339,-0.002166454688417435,0.00037895622948955904,True,-1.3830407877633872,0.16788140159208587,False,-1.3830407877633875
66,-9.251021635312818e-05,0.0006328138964104123,-0.0013388120165684276,0.0011537915838621712,True,-0.14618866127606425,0.8838897953650945,False,-0.14618866127606425
67,-0.0005875373705167408,0.0006155025546541764,-0.001799745171663242,0.0006246704306297604,True,-0.9545652833997611,0.34071598564613104,False,-0.9545652833997611
68,0.0005795819808149657,0.0007067014624011428,-0.000812238441905506,0.0019714024035354374,True,0.8201227981695889,0.4129242366254256,False,0.8201227981695889
69,-0.0006384692998937153,0.000660741307305731,-0.001939773025116702,0.0006628344253292713,True,-0.9662923943671193,0.334827993371252,False,-0.9662923943671194
70,-2.3252116782589923e-05,0.0006089897977279377,-0.0012226333021932829,0.001176129068628103,True,-0.03818145536976246,0.9695733564877606,False,-0.03818145536976246
71,0.00017960027972132748,0.0006248381075682534,-0.0010509935215885986,0.0014101940810312536,True,0.28743490121032517,0.7740165052667694,False,0.2874349012103252
72,0.00011120423866932023,0.0006591925055599482,-0.0011870491831154917,0.001409457660454132,True,0.16869766833113226,0.8661703157801255,False,0.1686976683311323
73,-0.00011562287189051761,0.0005886108638303391,-0.001274868557516652,0.0010436228137356168,True,-0.19643346563145442,0.8444298552265981,False,-0.19643346563145445
74,-0.00013193573816545198,0.0006085506102128242,-0.0013304519612328354,0.0010665804849019312,True,-0.21680323041548014,0.8285378062224152,False,-0.21680323041548016
75,0.0005117308046380431,0.0006587548838217402,-0.0007856607385387991,0.0018091223478148852,True,0.7768151966771877,0.4379992607115192,False,0.7768151966771878
76,-0.0002686915750588147,0.0006796430739335942,-0.0016072215778796584,0.001069838427762029,True,-0.3953421808651693,0.6929261595441838,False,-0.39534218086516937
77,0.0008113398092646192,0.0005860875919532368,-0.000342936392757088,0.0019656160112863264,True,1.384332001571115,0.16748632098836885,False,1.3843320015711151
78,-0.0008384623083528566,0.0006346280550899886,-0.0020883370219334555,0.0004114124052277423,True,-1.321186956088736,0.18764215709074059,False,-1.3211869560887357
79,0.0006378093256649282,0.0006464562651390382,-0.0006353605771665318,0.0019109792284963882,True,0.9866240920841716,0.3247770630479849,False,0.9866240920841718
80,-4.9116560464384635e-05,0.0006225334294485803,-0.0012751713898810598,0.0011769382689522905,True,-0.07889786819623562,0.937176722111918,False,-0.07889786819623562
81,0.0015266725606304014,0.0005997481002357137,0.0003454925308626845,0.0027078525903981186,False,2.5455229621075692,0.011510451957633502,True,2.5455229621075692
82,0.0008422995798662511,0.0006608737414249675,-0.0004592649690872996,0.0021438641288198017,True,1.2745242049564498,0.2036563631000599,False,1.2745242049564498
83,0.000330290652540951,0.0006261463179312214,-0.0009028796170476837,0.0015634609221295856,True,0.5274975562137403,0.598314070536848,False,0.5274975562137404
84,-0.0008719367832206066,0.0006358951308484657,-0.0021243069521124066,0.00038043338567119334,True,-1.3711958795111292,0.17153857009712442,False,-1.3711958795111292
85,-0.0005667167467715589,0.0006088150525841447,-0.0017657537785716508,0.000632320285028533,True,-0.9308520615022614,0.3528245228120271,False,-0.9308520615022615
86,-0.00030419621700642494,0.0006497486920059472,-0.0015838504236033077,0.0009754579895904578,True,-0.46817518949871245,0.6400655956702681,False,-0.4681751894987125
87,-8.554567905294804e-05,0.0006878760874757645,-0.0014402902745952971,0.001269198916489401,True,-0.12436204806430634,0.9011281575754714,False,-0.12436204806430635
88,5.433274977593817e-05,0.0006405601501764238,-0.001207224989141509,0.0013158904886933854,True,0.08482068352359069,0.9324715643632142,False,0.08482068352359068
89,0.0005006158386398026,0.0006519375085946988,-0.0007833491551733156,0.0017845808324529209,True,0.7678893023334681,0.44327474675710865,False,0.7678893023334681
90,-0.00012351218335567084,0.0006546508315583951,-0.0014128209588294039,0.0011657965921180622,True,-0.18866879472473946,0.850504866410308,False,-0.18866879472473946
91,-0.0008076685751788946,0.0006153152545042786,-0.002019507496129619,0.0004041703457718297,True,-1.3126093807467576,0.1905135431500198,False,-1.3126093807467576
92,-0.00046923480363833265,0.0006380899749500662,-0.0017259276306931933,0.0007874580234165279,True,-0.7353740413725394,0.4627982966970415,False,-0.7353740413725395
93,-0.002050754383765211,0.0005987964067186547,-0.003230060091002573,-0.0008714486765278493,False,-3.424794071499431,0.0007185329325640349,True,-3.4247940714994316
94,-0.0009800795009705047,0.0006409670433798215,-0.002242438599868772,0.0002822795979277625,True,-1.5290637967945153,0.12750786681039677,False,-1.5290637967945153
95,-0.0004416056215283671,0.0006712334387375198,-0.0017635731823050743,0.0008803619392483402,True,-0.6579017016180765,0.5112042178368928,False,-0.6579017016180764
96,0.0004260242872401452,0.0006211488282051121,-0.0007973036250969537,0.001649352199577244,True,0.685865074351337,0.49343120726305245,False,0.6858650743513371
97,3.1784577887630096e-05,0.0006554688372680996,-0.0012591352272970085,0.0013227043830722686,True,0.0484913638611771,0.9613632092401538,False,0.0484913638611771
98,-0.0005292889430020192,0.0007087993322846171,-0.0019252410370198857,0.0008666631510158474,True,-0.7467401828610697,0.45591929537489867,False,-0.7467401828610698
99,-0.0002850572452062569,0.0006021007209075707,-0.0014708706678169424,0.0009007561774044287,True,-0.4734378075093128,0.6363123591808769,False,-0.47343780750931275
100,0.0008837666275620163,0.0006305902064198245,-0.00035815570365914286,0.0021256889587831754,True,1.401491203898647,0.16230252522187577,False,1.4014912038986471
101,0.0006846771971150776,0.0006034545819319622,-0.0005038026009363365,0.0018731569951664917,True,1.1345960700523325,0.25762696896071624,False,1.1345960700523325
102,-0.00016021419143955867,0.0006135995392378411,-0.0013686740794117923,0.0010482456965326748,True,-0.26110546243004434,0.7942252870148174,False,-0.2611054624300444
103,-0.0014598420817545903,0.0006547348005630768,-0.0027493162308433634,-0.00017036793266581702,False,-2.2296692958723368,0.026654505272742875,True,-2.229669295872337
104,-0.0007674854727577263,0.0006694558330413341,-0.002085952109816108,0.0005509811643006553,True,-1.1464318254888366,0.25270824835907163,False,-1.1464318254888366
105,4.818108699877201e-06,0.0006660128497693684,-0.0013068677097413687,0.001316503927141123,True,0.007234257869867899,0.9942336940621944,False,0.0072342578698679
106,-0.00028238565144270535,0.0006194033266016999,-0.0015022758677953273,0.0009375045649099166,True,-0.45589947505123773,0.6488564474725113,False,-0.45589947505123773
107,0.0006346307224289873,0.0006528296522390298,-0.000651091312808612,0.0019203527576665865,True,0.9721230036846132,0.3319252356064602,False,0.9721230036846134
108,0.0005311263473694607,0.0006774869589321088,-0.0008031572727106352,0.0018654099674495566,True,0.7839654186209731,0.43379958288131687,False,0.7839654186209732
109,-0.0007496035615852828,0.0006310653402148174,-0.0019924616499182907,0.0004932545267477251,True,-1.1878382693781193,0.2360199323244993,False,-1.1878382693781195
110,-0.001056865179059585,0.000634693145529602,-0.002306868085672175,0.00019313772755300516,True,-1.6651592765787842,0.09712863347076851,False,-1.665159276578784
111,-0.00022765783309061793,0.0006473988720098109,-0.0015026841626639732,0.0010473684964827372,True,-0.35165003050417415,0.7253957650866109,False,-0.35165003050417415
112,-0.0006006594160517647,0.0005778932880553731,-0.0017387972624568382,0.000537478430353309,True,-1.0393950379195445,0.2996212460446569,False,-1.0393950379195445
113,0.00033476003722202844,0.0006606273950289756,-0.0009663193423024959,0.0016358394167465527,True,0.5067304803600305,0.6127887899958165,False,0.5067304803600305
114,0.000157216936638598,0.0005740966864478474,-0.000973443653901837,0.001287877527179033,True,0.27385097379913204,0.7844243715890736,False,0.27385097379913204
115,-0.00030071233237878743,0.0006273769885401786,-0.0015363063587845774,0.0009348816940270025,True,-0.47931680292977324,0.6321306119445268,False,-0.47931680292977336
116,0.0007729331817433175,0.0006358721830232022,-0.00047939179231932464,0.0020252581558059595,True,1.2155480336763123,0.2252992002772773,False,1.2155480336763123
117,0.0012778098619723277,0.0006770023109281584,-5.5519263139784236e-05,0.0026111389870844396,True,1.887452732946321,0.060253185955062995,False,1.887452732946321
118,-0.00040023974961170814,0.0006212943333679565,-0.001623854228579885,0.0008233747293564686,True,-0.644203122603839,0.5200319728470864,False,-0.6442031226038392
119,-3.23585842511894e-05,0.0006542845827918904,-0.0013209460473460213,0.0012562288788436425,True,-0.04945643700347094,0.9605948844901853,False,-0.049456437003470945
120,-0.00034706390493514705,0.0005733425252732138,-0.0014762392050372242,0.00078211139516693,True,-0.6053343152415938,0.5455038030808005,False,-0.6053343152415936
121,0.0011823732856284512,0.000605713944518347,-1.0556237175726865e-05,0.002375302808432629,True,1.952032467353304,0.05204627649728258,False,1.952032467353304
122,0.00021168308157994164,0.0006073072387933834,-0.0009843843709291852,0.0014077505340890685,True,0.34856011596456526,0.7277117609771697,False,0.34856011596456526
123,0.000594860368741935,0.0005987992700184931,-0.0005844509776505773,0.0017741717151344473,True,0.993422000537114,0.3214610589453086,False,0.993422000537114
124,-0.00043965759509350603,0.0006343874343380614,-0.0016890584156733397,0.0008097432254863276,True,-0.6930427232567392,0.48892349928413475,False,-0.6930427232567393
125,0.0006985655257497942,0.0006228142622083324,-0.0005280423926177143,0.001925173444117303,True,1.1216273745448093,0.2630927880070301,False,1.1216273745448093
126,-0.0006153138318089361,0.0006888347399833159,-0.001971946455336637,0.0007413187917187645,True,-0.8932677115324344,0.3725694703529905,False,-0.8932677115324344
127,-0.00045828583986178467,0.0006650522292453825,-0.0017680797543875848,0.0008515080746640156,True,-0.6890975170202642,0.4913984018075846,False,-0.6890975170202642
128,0.0008079254143645426,0.0006228860077079789,-0.00041882380391100225,0.0020346746326400872,True,1.297067849280239,0.1957988352505089,False,1.297067849280239
129,0.00011654615390035793,0.0006177896980254333,-0.0011001660851497942,0.00133325839295051,True,0.18865020616701822,0.8505194208053259,False,0.18865020616701822
130,0.0008466516794807283,0.0006322557448647699,-0.00039855086346466425,0.0020918542224261207,True,1.3390968549630409,0.18175054872652374,False,1.339096854963041
131,3.71556717755479e-05,0.0006456864118601092,-0.001234498035642263,0.0013088093791933585,True,0.05754445361256548,0.9541572793498736,False,0.05754445361256548
132,0.0008240341008654293,0.0006416644346026102,-0.0004396984823089357,0.002087766684039794,True,1.2842134555513625,0.200251356628023,False,1.2842134555513625
133,0.0007157816465692793,0.0006028821458401193,-0.00047157076136662235,0.001903134054505181,True,1.1872662866335744,0.23624498925046628,False,1.1872662866335741
134,0.0006657268226966038,0.0006532564776549361,-0.0006208358282215914,0.0019522894736147991,True,1.0190895084369218,0.3091417330052548,False,1.0190895084369218
135,-0.000529393512163479,0.000559114546199836,-0.0016305473733667555,0.0005717603490397975,True,-0.9468426742992764,0.3446295953246349,False,-0.9468426742992764
136,0.0004759065210777558,0.0006344635964036158,-0.0007736442976610103,0.0017254573398165218,True,0.7500927141846712,0.4539013860256644,False,0.750092714184671
137,0.0004060507723998131,0.0006231865656903915,-0.0008212903828680682,0.0016333919276676945,True,0.651571767998518,0.5152735990391111,False,0.6515717679985181
138,0.0004879515237546152,0.0006401742258868643,-0.0007728461526238248,0.001748749200133055,True,0.7622167591621363,0.44664629703179387,False,0.7622167591621364
139,-0.0010900121722951905,0.0006750438354120696,-0.002419484157772372,0.00023945981318199117,True,-1.6147279852275225,0.1076259457739041,False,-1.6147279852275225
140,0.000449005425012038,0.0006153614925176127,-0.0007629245598669336,0.0016609354098910097,True,0.7296612324164673,0.4662776638412524,False,0.7296612324164673
141,-5.0791713331545934e-05,0.0006680830380164627,-0.0013665546851883118,0.00126497125852522,True,-0.07602604832229602,0.9394589363482748,False,-0.07602604832229604
142,0.000723489220142028,0.0006191917317505596,-0.0004959842685669878,0.0019429627088510437,True,1.1684413454562799,0.2437373603126367,False,1.1684413454562803
143,-0.0004062583197418653,0.0006196612741941935,-0.0016266565536186117,0.0008141399141348811,True,-0.6556135370411246,0.5126732794416272,False,-0.6556135370411246
144,-0.0001233627769425071,0.0006337278200666151,-0.0013714645134494177,0.0011247389595644033,True,-0.19466208210575267,0.8458149647641856,False,-0.19466208210575264
145,-2.3722442087487465e-05,0.0006264542167243446,-0.0012574991061031883,0.0012100542219282136,True,-0.03786779856240625,0.9698231878735971,False,-0.03786779856240624
146,0.00022710490924272427,0.0006573359790343576,-0.0010674921573891494,0.0015217019758745978,True,0.34549289326342186,0.7300132255437729,False,0.345492893263422
147,0.0004540942402344885,0.0006356947458270013,-0.0007978812783274059,0.0017060697587963829,True,0.714327502650252,0.4756884638274434,False,0.714327502650252
148,-7.171905428796463e-06,0.0006664631198687823,-0.0013197445129223464,0.0013054007020647535,True,-0.010761143737718774,0.9914225634251884,False,-0.010761143737718776
149,0.0015657422474391366,0.0006545535039434462,0.000276625154832056,0.0028548593400462173,False,2.3920767943431827,0.01748979344663405,True,2.3920767943431827
150,0.0012704507739589776,0.0006605341249669362,-3.0444913887969337e-05,0.0025713464618059246,True,1.9233688706432412,0.055564902068891774,False,1.9233688706432415
151,0.0006592579937246113,0.0005915367663416747,-0.0005057501405263352,0.0018242661279755578,True,1.114483547323279,0.26613780087141076,False,1.114483547323279
152,0.00022540937113851023,0.0005725912099767864,-0.0009022862433691478,0.0013531049856461684,True,0.39366544091315797,0.6941622598322609,False,0.393665440913158
153,-0.0003781617569958752,0.0006299999092076304,-0.0016189215213353767,0.0008625980073436264,True,-0.6002568436422482,0.5488766332053867,False,-0.6002568436422482
154,0.001000051123587873,0.0006540495905185684,-0.00028807353157094613,0.002288175778746692,True,1.5290142186236593,0.12752015401072864,False,1.529014218623659
155,0.0005198353780490547,0.000611912581541647,-0.0006853021138355144,0.0017249728699336238,True,0.8495255592545362,0.39639846114948374,False,0.8495255592545361
156,1.8942383871054726e-06,0.0006189601367683704,-0.0012171231332156636,0.0012209116099898747,True,0.0030603560303502086,0.9975606238610462,False,0.0030603560303502095
157,-0.0006270057053192009,0.0006589972380209452,-0.001924874555452278,0.0006708631448138763,True,-0.9514542233927731,0.34228912934446426,False,-0.951454223392773
158,-0.0006547020033027912,0.0006433775212226816,-0.0019218084424411771,0.0006124044358355949,True,-1.017601612904642,0.3098471742372804,False,-1.0176016129046417
159,0.000264844761428013,0.0006717507314452583,-0.0010581415867624187,0.0015878311096184448,True,0.39426047346194143,0.6937235052469506,False,0.3942604734619414
160,0.00018279111381382535,0.0006293557158844494,-0.0010566999373970275,0.0014222821650246784,True,0.29044165199476163,0.771718203911512,False,0.29044165199476163
161,-0.0013049009488312487,0.000614393614734818,-0.002514924736912192,-9.487716075030537e-05,False,-2.1238842942638074,0.03465799807020145,True,-2.123884294263808
162,0.0006601472464171784,0.0006113413133627247,-0.0005438651555099243,0.001864159648344281,True,1.0798341809847485,0.28125253995438276,False,1.0798341809847487
163,1.553423947723644e-05,0.0005988275643453891,-0.0011638328314667536,0.0011949013104212264,True,0.025941089559258612,0.9793249384744012,False,0.025941089559258612
164,-0.00013911129521889388,0.000669662255088519,-0.0014579844722892288,0.001179761881851441,True,-0.20773351665236903,0.835605494127245,False,-0.20773351665236903
165,-0.0004065774918137881,0.0006284527980032603,-0.0016442902821691891,0.0008311352985416131,True,-0.6469499270360138,0.5182555362915013,False,-0.646949927036014
166,0.0013104905809482124,0.000586018085287204,0.0001563512695407839,0.002464629892355641,False,2.2362630332576656,0.026213687957979313,True,2.236263033257666
167,0.00030383952234241967,0.0006116252225549905,-0.0009007320274469937,0.0015084110721318331,True,0.4967740229436038,0.6197832264770965,False,0.49677402294360384
168,6.18435283439573e-05,0.000625397071220844,-0.0011698511296482099,0.0012935381863361246,True,0.09888682117303797,0.9213070603577734,False,0.09888682117303797
169,-0.0012173567882851615,0.0006395122444379327,-0.0024768507185287704,4.21371419584472e-05,True,-1.9035707273362628,0.058109933995939514,False,-1.9035707273362628
170,-0.00020558996531011884,0.0006264940828050502,-0.0014394451439861849,0.001028265213365947,True,-0.32815946862517054,0.7430646742531132,False,-0.32815946862517054
171,-0.0003783145366820103,0.0005946247655305522,-0.0015494043625171525,0.0007927752891531319,True,-0.6362239829423523,0.5252101666220361,False,-0.6362239829423523
172,-0.0007848295161105501,0.0006400725508861271,-0.002045426947618935,0.0004757679153978349,True,-1.2261571208201618,0.22128864769601903,False,-1.2261571208201618
173,0.0006490186792909244,0.0006499387026237982,-0.0006310097456605661,0.001929047104242415,True,0.9985844459959691,0.3189577406140319,False,0.9985844459959692
174,0.0004000626637581869,0.0006471171653974814,-0.0008744088558464392,0.001674534183362813,True,0.6182229202843889,0.536988969693488,False,0.618222920284389
175,-0.0008891886497582072,0.000609176968424888,-0.0020889384604122455,0.00031056116089583127,True,-1.4596557254246305,0.1456351237779174,False,-1.4596557254246305
176,0.0005255253937670098,0.0006467378817204134,-0.0007481991417207953,0.0017992499292548148,True,0.8125786483529287,0.4172297044311899,False,0.8125786483529287
177,0.0009903242020948373,0.0006698687602071033,-0.00032895567859326765,0.0023096040827829422,True,1.4783854105820053,0.1405584301330528,False,1.4783854105820053
178,0.0007216236347782445,0.0006561748600828139,-0.0005706866542594872,0.0020139339238159763,True,1.099742886655503,0.2724978139464576,False,1.0997428866555028
179,-0.001129619056723722,0.0006257213544997667,-0.0023619523777360816,0.00010271426428863748,True,-1.8053068647893544,0.07222488818030506,False,-1.8053068647893544
180,0.0012674751109350336,0.0006543468232172266,-2.1234932202023656e-05,0.002556185154072091,True,1.9370081216307273,0.05386648946978792,False,1.9370081216307276
181,-0.0007402096320694812,0.000640375855865631,-0.002001404410671718,0.0005209851465327557,True,-1.1558987199305,0.24882165056542427,False,-1.1558987199305
182,0.0013226290923044595,0.0006502823556572689,4.192385637158337e-05,0.0026033343282373354,False,2.0339304623568024,0.04301028731355193,True,2.0339304623568024
183,-0.00020263383827157788,0.0005723398351166783,-0.0013298343799901288,0.0009245667034469731,True,-0.35404461796769493,0.7236026753187234,False,-0.35404461796769493
184,-0.00012543472651882555,0.0006505020884718808,-0.001406572717490696,0.0011557032644530449,True,-0.19282755388762704,0.8472499548665108,False,-0.19282755388762707
185,-0.00014339091533636713,0.0005672303730881814,-0.0012605285748072794,0.000973746744134545,True,-0.2527913210213016,0.8006363775495098,False,-0.25279132102130153
186,2.160679679657288e-05,0.0006064358143661031,-0.0011727444199619934,0.0012159580135551393,True,0.035629156927610046,0.9716063776681382,False,0.03562915692761004
187,-0.0006690524023533149,0.0005740839070515857,-0.0017996878243810846,0.00046158301967445467,True,-1.165426158328447,0.24495284445775722,False,-1.165426158328447
188,0.0004962139988167833,0.0005960523306908193,-0.0006776873598232762,0.0016701153574568428,True,0.8325007273131132,0.40591775776953765,False,0.8325007273131133
189,0.0004154779144901196,0.0006313649932549072,-0.0008279703285873121,0.0016589261575675513,True,0.6580629571306856,0.5111007710659434,False,0.6580629571306856
190,-0.00040072147006706013,0.0006535374798508261,-0.0016878375436338235,0.0008863946034997033,True,-0.613157596039522,0.5403273351417569,False,-0.613157596039522
191,-0.001052043266103696,0.0006022040517364455,-0.0022380601946720966,0.00013397366246470453,True,-1.7469880235281485,0.08186252069901732,False,-1.746988023528149
192,0.0007458335828474944,0.0006493313585223006,-0.000532998702051857,0.002024665867746846,True,1.148617840581127,0.25180703102285024,False,1.148617840581127
193,0.00030103220097341235,0.000626486611261411,-0.0009328082627946205,0.001534872664741445,True,0.48050859437729004,0.6312843223794017,False,0.48050859437729004
194,-0.00032432557240701164,0.0006549426226479289,-0.0016142090188262402,0.0009655578740122169,True,-0.49519692442028795,0.6208943469879514,False,-0.49519692442028795
195,0.00015453829161151447,0.0006383876676914396,-0.0011027408294574145,0.0014118174126804435,True,0.24207593509812206,0.8089189935729904,False,0.24207593509812209
196,-0.00042477513288096536,0.0006155055295829984,-0.0016369887930314602,0.0007874385272695294,True,-0.6901239915240861,0.49075382431761594,False,-0.6901239915240863
197,0.00012774629688257113,0.0006239037112257002,-0.0011010072479942321,0.0013564998417593746,True,0.2047532248711986,0.8379308716443432,False,0.2047532248711986
198,-0.00023131070497609414,0.0006888484670518493,-0.0015879703634193076,0.0011253489534671193,True,-0.3357933072945105,0.7373072526713748,False,-0.3357933072945105
199,-0.00034790263075419484,0.0006077673806703608,-0.0015448763143889092,0.0008490710528805196,True,-0.5724272835611249,0.5675448980109997,False,-0.572427283561125
200,-9.65173529875067e-05,0.0006558368817741291,-0.0013881620071886191,0.0011951273012136055,True,-0.14716670512096539,0.8831185801059527,False,-0.14716670512096539
201,0.00048080926850557694,0.000605666853893965,-0.0007120275111868056,0.0016736460481979595,True,0.7938510509768675,0.4280320041831267,False,0.7938510509768674
202,-0.00036202066088199573,0.0006207334765974963,-0.0015845305547475814,0.0008604892329835901,True,-0.5832143335757958,0.5602726635969492,False,-0.5832143335757959
203,0.0002472751459681391,0.0005886358992256605,-0.0009120198458733537,0.001406570137809632,True,0.4200816604855818,0.6747851760035619,False,0.4200816604855819
204,-0.00029302205829812245,0.0006648178537525145,-0.0016023543796124828,0.001016310263016238,True,-0.440755398857268,0.6597694577428345,False,-0.44075539885726805
205,0.0003490695959127008,0.0006785615850452501,-0.000987330457556364,0.0016854696493817654,True,0.5144258142603563,0.6074069595073116,False,0.5144258142603563
206,-6.384530752185582e-05,0.0006966951191506119,-0.0014359586351904501,0.0013082680201467387,True,-0.09164023942021288,0.9270569736043877,False,-0.09164023942021289
207,-0.0001335478360558879,0.0006323769824579277,-0.001378989151619049,0.0011118934795072734,True,-0.21118389783387304,0.8329151343689908,False,-0.211183897833873
208,2.291065114328457e-05,0.000641515077200529,-0.0012405277785680398,0.001286349080854609,True,0.03571334791266801,0.9715393127061736,False,0.03571334791266801
209,-6.794236745118071e-05,0.0006327485855537442,-0.0013141155405318663,0.001178230805629505,True,-0.10737656156389754,0.9145760253240629,False,-0.10737656156389755
210,9.046786771413177e-05,0.000609019938696224,-0.001108972679134811,0.0012899084145630746,True,0.1485466434938129,0.8820306493229917,False,0.1485466434938129
211,-0.00044040479931566995,0.0005903798857495209,-0.0016031345032527214,0.0007223249046213814,True,-0.7459685025626356,0.4563844922710018,False,-0.7459685025626356
212,0.00014277209131034087,0.0006981309294587493,-0.0012321690076539692,0.0015177131902746508,True,0.2045061825595236,0.8381236910325283,False,0.20450618255952363
213,-0.0002568571127291968,0.0005921106927436152,-0.0014229955722021188,0.0009092813467437254,True,-0.433799145796572,0.6648069173834492,False,-0.4337991457965721
214,-0.00032797559221402434,0.0005869353093434886,-0.001483921339919759,0.0008279701554917102,True,-0.5587934257710251,0.5768008894114489,False,-0.5587934257710252
215,-0.0010088993545043555,0.0005783362748606007,-0.0021479096458035104,0.0001301109367947992,True,-1.7444856882745867,0.08229847461643226,False,-1.744485688274587
216,0.00098571669199687,0.0006305463648152576,-0.0002561192949277972,0.002227552678921537,True,1.5632739271848362,0.11924807085705365,False,1.563273927184836
217,-5.4534058963250525e-05,0.0005948364905250681,-0.001226040868754201,0.0011169727508277,True,-0.0916790745556191,0.927026148772023,False,-0.09167907455561909
218,0.0006033908515950681,0.0006320486920880376,-0.0006414039091416139,0.00184818561233175,True,0.9546588089624941,0.34066876560201864,False,0.9546588089624942
219,-0.00015064539415931037,0.0005972669960991641,-0.0013269389880104909,0.00102564819969187,True,-0.25222454135787997,0.8010739228189807,False,-0.25222454135787997
220,0.0014531249246429957,0.0006776869176150173,0.00011844749388982318,0.002787802355396168,False,2.1442422553425944,0.03297419888469921,True,2.1442422553425944
221,0.0012984387032330517,0.000632987256140968,5.179547792342055e-05,0.002545081928542683,False,2.05128727416889,0.041277005034921474,True,2.0512872741688906
222,-0.0001307726844839441,0.0006171135699820631,-0.0013461533162441672,0.0010846079472762791,True,-0.21191023961399053,0.8323490347533088,False,-0.21191023961399053
223,0.00046866788609350535,0.0006510628662306031,-0.0008135745343704807,0.0017509103065574913,True,0.7198504328881592,0.47228684308901864,False,0.7198504328881593
224,-0.001130405467827163,0.0006076655773025135,-0.0023271786537779043,6.636771812357852e-05,True,-1.860242722395339,0.06402080050670052,False,-1.860242722395339
225,6.848311568115536e-05,0.0006596162783613023,-0.0012306049097813028,0.0013675711411436137,True,0.10382265860886469,0.9173929924164127,False,0.10382265860886469
226,-0.00011512325437048801,0.0006252007656776582,-0.0013464312964029672,0.0011161847876619913,True,-0.18413805722983292,0.8540538292651527,False,-0.18413805722983295
227,0.0008438131420772381,0.0006555628861714484,-0.0004472918886819603,0.0021349181728364365,True,1.2871581962261311,0.19922484406881888,False,1.2871581962261311
228,0.0012490296314795384,0.0006554447620250832,-4.1842758471518715e-05,0.0025399020214305953,True,1.9056215013764033,0.05784186364483809,False,1.9056215013764033
229,0.0002096494207591152,0.0006269199488651813,-0.0010250444841845038,0.0014443433257027342,True,0.33441178756332757,0.7383481037940396,False,0.3344117875633276
230,-0.0004393589527159417,0.0005944671882009529,-0.0016101384362677256,0.0007314205308358423,True,-0.739080240989552,0.46054886023137886,False,-0.7390802409895522
231,-0.0005106258656420495,0.0005911583522348715,-0.0016748887283602261,0.0006536369970761273,True,-0.8637717182065189,0.38853796330146345,False,-0.863771718206519
232,0.0007832813408184307,0.0007080089536823759,-0.0006111141339778726,0.002177676815614734,True,1.106315586469014,0.26964914222855335,False,1.106315586469014
233,0.0018199938732352476,0.0005636726917699258,0.0007098629256217794,0.0029301248208487155,False,3.2288132808429792,0.0014087649496233197,True,3.2288132808429792
234,-0.00012367123548580504,0.0006878523074530939,-0.0014783689972193018,0.0012310265262476918,True,-0.1797932988605093,0.8574599069833032,False,-0.1797932988605093
235,0.0006282622891925993,0.0005946756964915517,-0.0005429278431445657,0.0017994524215297642,True,1.0564788386328896,0.29176527751278275,False,1.0564788386328896
236,-2.021966572546863e-05,0.0006293871132325073,-0.0012597725527645617,0.0012193332213136245,True,-0.032125960796402744,0.9743971314275182,False,-0.03212596079640275
237,0.0014698612655068958,0.0006712133362047444,0.00014793329586895612,0.0027917892351448353,False,2.189857063654252,0.029455353193071382,True,2.189857063654252
238,-0.0003154713131259354,0.0006571044834900145,-0.0016096124584904455,0.0009786698322385746,True,-0.480093076599331,0.6315793258812171,False,-0.4800930765993311
239,-3.2941110404461596e-05,0.0006118767929043625,-0.0012380081179913121,0.0011721258971823891,True,-0.05383618203282691,0.9571085065177501,False,-0.05383618203282691
240,0.00040501126574186763,0.0006110510150863629,-0.0007984294052759086,0.0016084519367596437,True,0.6628108877040738,0.5080598706944343,False,0.6628108877040738
241,0.0002660955711232188,0.0006647974728720799,-0.0010431966108577298,0.0015753877531041675,True,0.4002656176980095,0.689301340246516,False,0.40026561769800956
242,-0.0009366131408979128,0.000654995503322059,-0.002226600733701629,0.0003533744519058035,True,-1.4299535434175086,0.15397391383863324,False,-1.4299535434175088
243,0.0008180557658861258,0.0006230212588949598,-0.0004089598242228627,0.0020450713559951143,True,1.3130463113523523,0.19036649616188356,False,1.3130463113523523
244,-0.0003719252333536823,0.0006280699626106527,-0.001608884044629769,0.0008650335779224045,True,-0.5921716615896225,0.5542686867565468,False,-0.5921716615896225
245,0.0008004804477972631,0.0006032073374414939,-0.0003875124120637733,0.0019884733076582996,True,1.3270403029122686,0.1857012489478577,False,1.3270403029122684
246,-0.0002684535995274183,0.0006281176843774235,-0.0015055063969251327,0.0009685991978702962,True,-0.42739379292194835,0.6694589470866517,False,-0.4273937929219484
247,0.000509530365207111,0.0005904173510298358,-0.0006532731251094225,0.0016723338555236444,True,0.8630003239545083,0.3889611291367806,False,0.8630003239545083
248,1.998012298416691e-05,0.0006773936569015736,-0.0013141197424576707,0.0013540799884260045,True,0.02949558617887981,0.9764927778885151,False,0.029495586178879814
249,-0.0006260786617376655,0.0006008013582122712,-0.0018093330411992196,0.0005571757177238886,True,-1.042072647106872,0.29838065780263956,False,-1.0420726471068722
250,0.0019085063757512057,0.0006558635777448681,0.0006168091448974958,0.0032002036066049156,False,2.9099136474591933,0.003939756653380223,True,2.9099136474591933
251,6.584999645739218e-06,0.0005962619096624778,-0.0011677291164434644,0.001180899115734943,True,0.011043803971088388,0.9911972711523731,False,0.011043803971088388
252,0.0001315805124592791,0.0006604225138851806,-0.001169095361801233,0.0014322563867197912,True,0.1992368668433301,0.8422387635405469,False,0.19923686684333017
253,-0.00023157539405011207,0.0006719498618454046,-0.0015549539216436633,0.001091803133543439,True,-0.34463195425641824,0.7306596647870938,False,-0.3446319542564183
254,0.00048062492129215636,0.0006245446341210135,-0.0007493908957356844,0.001710640738319997,True,0.7695605646641889,0.44228420743007885,False,0.769560564664189
255,-0.00030091216569970685,0.0005842383441833806,-0.0014515463477883985,0.0008497220163889849,True,-0.5150503534996611,0.6069711124103466,False,-0.5150503534996611
256,0.00015933569288855098,0.0006174600686703738,-0.0010567273542570854,0.0013753987400341875,True,0.25805019785597033,0.7965796223515291,False,0.2580501978559704
257,0.000985738997444493,0.000613761051800629,-0.00022303898309634852,0.0021945169779853347,True,1.606063132472432,0.10951734905472514,False,1.6060631324724324
258,0.00036467745125857493,0.0006406114150030203,-0.0008969812516959096,0.0016263361542130594,True,0.5692646785834367,0.5696855978339137,False,0.5692646785834368
259,-0.00026355236984185827,0.0006145836779925516,-0.0014739504799495646,0.000946845740265848,True,-0.42883073416904566,0.6684142178961411,False,-0.42883073416904566
260,-0.0005376526136682784,0.0006630767333301164,-0.0018435558675599173,0.0007682506402233606,True,-0.8108452410448326,0.41822271329919086,False,-0.8108452410448325
261,0.00026947303521693804,0.0006232471456161467,-0.0009579874298052864,0.0014969335002391624,True,0.4323694654879406,0.6658441372699182,False,0.4323694654879406
262,-0.0006189356373023188,0.0007198846193416351,-0.0020367197632863493,0.0007988484886817117,True,-0.8597706086127547,0.390735925090215,False,-0.8597706086127546
263,2.0338977746440524e-06,0.0006479819938640568,-0.0012741408670982738,0.0012782086626475621,True,0.0031388183528302696,0.9974980826102294,False,0.0031388183528302696
264,-0.0004607256387364094,0.0006303550073759344,-0.001702184754795146,0.0007807334773223271,True,-0.730898673517857,0.46552276727496106,False,-0.730898673517857
265,-3.425819055463205e-05,0.0006099638455046994,-0.0012355577243210736,0.0011670413432118094,True,-0.05616429696138131,0.9552556050440972,False,-0.0561642969613813
266,8.751317524726183e-05,0.0006224039825249461,-0.0011382867136017793,0.001313313064096303,True,0.14060510167727644,0.8882946884137113,False,0.14060510167727644
267,0.0007117888451805692,0.0006353012744390216,-0.0005394117471321484,0.001962989437493287,True,1.1203957457964913,0.26361602921827415,False,1.1203957457964915
268,-0.000508887706011923,0.0006438032786520773,-0.0017768326574739493,0.0007590572454501031,True,-0.790439755257809,0.43001716629798004,False,-0.7904397552578091
269,-0.0012379385579871483,0.0006336631258449182,-0.002485912881797495,1.0035765823198728e-05,True,-1.9536225282739896,0.05185670364241719,False,-1.9536225282739896
270,-0.00037809100274858673,0.000650627212088826,-0.001659475419707517,0.0009032934142103438,True,-0.5811177210598568,0.5616825603149517,False,-0.5811177210598568
271,0.0002514639432179418,0.0006096296757983012,-0.0009491774566026052,0.0014521053430384889,True,0.41248638837775303,0.680335050005912,False,0.4124863883777531
272,-0.0005581922546882505,0.0006209744381291547,-0.001781176712706729,0.0006647922033302278,True,-0.8988973143080546,0.3695688676424067,False,-0.8988973143080548
273,0.000758891089243838,0.0005938737822200588,-0.00041071970482997795,0.001928501883317654,True,1.2778659573199216,0.20247724349348342,False,1.2778659573199216
274,0.00023078271021949507,0.00063127081341708,-0.0010124800494131295,0.0014740454698521197,True,0.36558431867024577,0.7149831781584548,False,0.3655843186702458
275,6.567724017528176e-05,0.0006387633639440883,-0.0011923417997207562,0.0013236962800713195,True,0.10281935984830616,0.9181884379967438,False,0.10281935984830616
276,0.0007257099075279753,0.0006347460522194954,-0.000524397196706114,0.001975817011762065,True,1.143307477045993,0.2540002288146703,False,1.143307477045993
277,-0.0002485173115562689,0.0006069265678326454,-0.001443835047748563,0.0009468004246360253,True,-0.40946850035537635,0.6825450895322106,False,-0.40946850035537635
278,-0.0003493639781594566,0.0006617792180803035,-0.0016527118273723719,0.0009539838710534588,True,-0.5279162122571566,0.5980238770796563,False,-0.5279162122571565
279,0.00011840467039407124,0.0006037006438007179,-0.0010705597367212938,0.0013073690775094364,True,0.19613142972422723,0.8446659940523269,False,0.19613142972422726
280,-0.0002494344515550914,0.0006132665714877061,-0.0014572385727864858,0.0009583696696763028,True,-0.4067308787922279,0.6845522583022431,False,-0.40673087879222797
281,0.0004607583520107281,0.0006221823798163091,-0.0007646050991174073,0.0016861218031388636,True,0.7405519136475075,0.4596573540163729,False,0.7405519136475075
282,-0.00012575473112335094,0.0005951957510321967,-0.0012979690901943038,0.001046459627947602,True,-0.2112829785919428,0.8328379072086014,False,-0.2112829785919428
283,0.00040167919309449645,0.0006270436543229195,-0.0008332583448280287,0.0016366167310170215,True,0.6405920709431767,0.5223721393435174,False,0.6405920709431768
284,2.8374156624551924e-05,0.0006308605916150562,-0.0012140806874846467,0.0012708290007337505,True,0.04497690456763466,0.9641614793770463,False,0.04497690456763465
285,-0.0007517087015252569,0.0006166419217931977,-0.001966160440936267,0.0004627430378857533,True,-1.2190359995948448,0.22397492282689924,False,-1.2190359995948448
286,-0.00020367636363496222,0.000596719856616871,-0.0013788923880370218,0.0009715396607670973,True,-0.3413266064074256,0.7331432820132777,False,-0.3413266064074257
287,0.00022236904123904472,0.0006035864988753584,-0.0009663705619856852,0.0014111086444637748,True,0.3684128814235858,0.7128759215585879,False,0.36841288142358586
288,-0.0002098486843555893,0.0006877443329376562,-0.0015643337945753775,0.001144636425864199,True,-0.3051260102125945,0.760523051114575,False,-0.30512601021259456
289,-0.0005670755779399695,0.0006043420396662882,-0.0017573031887024814,0.0006231520328225423,True,-0.9383354801084217,0.34897407093708727,False,-0.9383354801084219
290,9.3738977387607e-05,0.0006218906478071049,-0.0011310499191513924,0.0013185278739266063,True,0.15073225126981246,0.8803079950199841,False,0.1507322512698125
291,0.0006527516832591713,0.0006764592123693154,-0.0006795078308418363,0.0019850111973601786,True,0.9649534980429819,0.33549687662886446,False,0.964953498042982
292,-0.000232674573374518,0.0006226232513284199,-0.0014589063034110717,0.0009935571566620357,True,-0.37370042457953007,0.7089426619673197,False,-0.37370042457953007
293,0.0007325069669602161,0.0006387103518454252,-0.0005254076677159432,0.0019904216016363753,True,1.1468531312257337,0.25253438312819637,False,1.146853131225734
294,0.000898226932742636,0.0006494120788345785,-0.0003807643276012762,0.0021772181930865483,True,1.3831386295656456,0.16785143970549138,False,1.3831386295656456
295,0.000735192766312348,0.0006195264018463442,-0.0004849398418395568,0.001955325374464253,True,1.1867012674864044,0.2364674560861407,False,1.1867012674864041
296,0.0004865250304928005,0.0006754655577844926,-0.0008437775204237993,0.0018168275814094005,True,0.7202810341486374,0.4720221996472655,False,0.7202810341486374
297,-0.0012862581031984521,0.0006636275127453775,-0.002593246095242422,2.0729888845517517e-05,True,-1.9382229918065004,0.05371734648999587,False,-1.9382229918065004
298,-0.0007293421819391902,0.0006219633867075055,-0.0019542743348495008,0.0004955899709711203,True,-1.1726448815582486,0.2420499507785677,False,-1.1726448815582486
299,-0.00040333689897135554,0.0006397588472343976,-0.0016633165036145242,0.0008566427056718132,True,-0.6304514595068652,0.5289728203136194,False,-0.6304514595068652
300,-0.0005852980177591935,0.0006211110926947898,-0.0018085516115095585,0.0006379555759911717,True,-0.9423403069808081,0.3469245340894321,False,-0.9423403069808083
301,0.0010482754060871945,0.0006557404110697961,-0.00024317925289864153,0.0023397300650730302,True,1.5986133969950151,0.11116456008962478,False,1.5986133969950154
302,0.0003669816690593683,0.0006541599250853801,-0.0009213602856404747,0.0016553236237592112,True,0.5609968678706057,0.5753001384003472,False,0.5609968678706057
303,5.226147693224262e-05,0.000650761428956553,-0.001229387274809499,0.0013339102286739843,True,0.08030819683956987,0.936056133151109,False,0.08030819683956987
304,6.678538430233864e-05,0.0006470706360863655,-0.0012075944976746445,0.0013411652662793218,True,0.10321189152744166,0.9178772171631732,False,0.10321189152744167
305,0.00024550680677359584,0.00060763279546871,-0.0009512018166592943,0.0014422154302064858,True,0.40403811085314956,0.6865287301413217,False,0.4040381108531496
306,0.0005309239249597012,0.0006049951475525431,-0.0006605899558088764,0.0017224378057282786,True,0.8775672451382611,0.3810178146327807,False,0.8775672451382612
307,-0.0007465465427914827,0.0006178772656005625,-0.001963431242698046,0.00047033815711508065,True,-1.2082440710386984,0.2280905009102888,False,-1.2082440710386984
308,-0.0010414280595095599,0.0006212336287883444,-0.0022649229832225806,0.00018206686420346057,True,-1.6763871291719408,0.09490742321799814,False,-1.6763871291719408
309,0.0007109661843307238,0.0006333455189747323,-0.0005363826253808989,0.0019583149940423468,True,1.1225565872505814,0.26269850183712856,False,1.1225565872505812
310,0.0001414748650798278,0.0006152131331291254,-0.0010701629318841828,0.0013531126620438384,True,0.2299607363065411,0.8183095769032362,False,0.22996073630654115
311,0.000732851555144797,0.0006923488165284669,-0.000630701902374001,0.002096405012663595,True,1.0585004807539304,0.29084492658849215,False,1.0585004807539304
312,0.001503578374317066,0.0006040088857860815,0.00031400689687116666,0.0026931498517629654,False,2.489331547432864,0.013446808444270802,True,2.4893315474328634
313,-0.0002506242910413193,0.0006296745283223326,-0.0014907432306685278,0.000989494648585889,True,-0.39802196177296195,0.6909523205390481,False,-0.398021961772962
314,0.00045448259011288193,0.0006475565746505594,-0.0008208543285391559,0.0017298195087649198,True,0.7018422913212394,0.4834277885265128,False,0.7018422913212394
315,-0.0006192552458854925,0.0005991779322518858,-0.0017993123524862235,0.0005608018607152385,True,-1.0335080992688603,0.30236093311125345,False,-1.0335080992688606
316,-0.000753510393369349,0.0006414645177451783,-0.00201684924824425,0.000509828461505552,True,-1.174671977209316,0.24123918314186457,False,-1.174671977209316
317,0.0002688589840237142,0.0005761934800062291,-0.0008659311580346543,0.0014036491260820826,True,0.46661233310173444,0.6411819985285957,False,0.46661233310173456
318,-8.917009335592442e-05,0.0006447849476006943,-0.0013590484027685534,0.0011807082160567044,True,-0.13829431609365997,0.8901187004514752,False,-0.13829431609366
319,0.00048849381268492,0.0006683782891109429,-0.0008278506444594693,0.0018048382698293093,True,0.7308642734860524,0.46554374365590095,False,0.7308642734860524
320,-0.00040793045027212317,0.0006276047760436889,-0.0016439730951063353,0.0008281121945620891,True,-0.6499798373805336,0.5162996742177158,False,-0.6499798373805338
321,-0.00042153016239283327,0.000621140171947963,-0.0016448410265757604,0.0008017807017900938,True,-0.6786393497475279,0.49799162451083795,False,-0.6786393497475279
322,-0.0009256010082398519,0.0006604495871159904,-0.0022263302021516664,0.00037512818567196247,True,-1.4014710983191132,0.16230852702806822,False,-1.4014710983191132
323,-0.000512779978033043,0.0006260812342619937,-0.0017458220679236916,0.0007202621118576057,True,-0.8190310617399243,0.4135456500042426,False,-0.8190310617399245
324,-0.00021088854990756976,0.0005766665587478291,-0.0013466104017318648,0.0009248333019167252,True,-0.3657027561395135,0.714894899206119,False,-0.3657027561395135
325,-0.0006710830879656324,0.0006368063075977463,-0.0019252477832251123,0.0005830816072938474,True,-1.0538260691813657,0.2929759325127229,False,-1.0538260691813655
326,-0.0006112937690888843,0.0006053090712531756,-0.0018034259101002408,0.0005808383719224722,True,-1.0098870116440162,0.3135219599525234,False,-1.009887011644016
327,-0.0005289131210942345,0.0006378380285508074,-0.0017851097497363624,0.0007272835075478935,True,-0.8292279503872566,0.4077633202052704,False,-0.8292279503872566
328,0.0005400809818452818,0.0006656742443722117,-0.0007709379667335404,0.001851099930424104,True,0.8113292446136694,0.4179453036777163,False,0.8113292446136695
329,-6.308048266164401e-05,0.0006069489715229303,-0.0012584423420308973,0.0011322813767076093,True,-0.10393045481791519,0.9173075332584533,False,-0.1039304548179152
330,-0.0003873589170370024,0.000581708987718909,-0.0015330116321684438,0.0007582937980944391,True,-0.6658981126559117,0.50608773525957,False,-0.6658981126559117
331,0.0002768095600189248,0.0006602667414033859,-0.0010235595265341965,0.001577178646572046,True,0.41923898730772147,0.6754000482916184,False,0.4192389873077215
332,0.0002669045625428755,0.0006239678069487087,-0.0009619752163111284,0.0014957843413968793,True,0.427753739168174,0.6691971873897661,False,0.42775373916817405
333,0.0003598499090724768,0.0005795774739610962,-0.0007816048744891707,0.0015013046926341243,True,0.6208831868724964,0.5352398749742556,False,0.6208831868724964
334,0.0013688266117214823,0.0006198210002364418,0.00014811380375727586,0.002589539419685689,False,2.2084224497061555,0.02811903793962548,True,2.2084224497061555
335,0.0004786235378888362,0.0006209786100915286,-0.000744369136643607,0.0017016162124212793,True,0.7707568829436651,0.4415759454185187,False,0.7707568829436651
336,0.0005096281614002457,0.0006025023916021255,-0.0006769763356678072,0.0016962326584682988,True,0.8458525119627889,0.3984406653281213,False,0.8458525119627888
337,-0.00019737841218508747,0.0006267560304335266,-0.0014317494862970536,0.0010369926619268786,True,-0.3149206431225895,0.7530835475107254,False,-0.31492064312258955
338,-0.0003586545463224897,0.0006374772394116482,-0.001614140615104629,0.0008968315224596494,True,-0.5626154537744839,0.5741989134570599,False,-0.5626154537744839
339,-0.0013244385175826031,0.0006342076582718512,-0.0025734852763502286,-7.539175881497739e-05,False,-2.088335737211938,0.037775555901923746,True,-2.088335737211938
340,0.001198982148403135,0.0006239369844126665,-2.9836926692031586e-05,0.0024278012234983017,True,1.9216398103596604,0.05578338327173921,False,1.9216398103596606
341,-0.0006567456238313174,0.0006534747923308954,-0.0019437382368208338,0.000630246989158199,True,-1.005005291005572,0.31586217319927246,False,-1.0050052910055722
342,-4.9067386430205634e-05,0.0006441108139325912,-0.0013176180163956721,0.001219483243535261,True,-0.07617848570283549,0.9393377827382915,False,-0.07617848570283549
343,-0.0004536150924742339,0.0005911995281255393,-0.0016179590494714013,0.0007107288645229336,True,-0.7672791856117824,0.4436366739414138,False,-0.7672791856117823
344,-0.000727705075579139,0.0006460957737159522,-0.0020001650048905753,0.0005447548537322973,True,-1.1263114621441022,0.2611094040801741,False,-1.126311462144102
345,0.0006311578283437093,0.000645329737780367,-0.0006397934236599673,0.0019021090803473858,True,0.9780392741772563,0.3289966050310793,False,0.9780392741772563
346,-0.0005558863347366116,0.000653105707535548,-0.0018421520499012183,0.000730379380427995,True,-0.8511429747478589,0.3955012020747471,False,-0.8511429747478592
347,-0.0005014450539135434,0.0006553472457266323,-0.0017921253893932955,0.0007892352815662086,True,-0.765159321540375,0.44489551711603437,False,-0.7651593215403751
348,0.0004823739369798395,0.0006648503649185797,-0.0008270224137830269,0.001791770287742706,True,0.7255375982818525,0.46879820085394064,False,0.7255375982818525
349,0.000529097634787866,0.0006613945495859342,-0.0007734926251247226,0.0018316878947004546,True,0.7999727773975569,0.4244830268929606,False,0.799972777397557
350,-0.0005526485104935197,0.0006557711411293969,-0.0018441636911095197,0.0007388666701224803,True,-0.8427460066963682,0.4001728396612302,False,-0.8427460066963682
351,0.000930999082543175,0.0006037006022861112,-0.00025796524281082307,0.0021199634078971734,True,1.5421536420829136,0.12429603783423673,False,1.5421536420829138
352,-0.00024379108028870227,0.0006359382299960404,-0.0014962461312374778,0.0010086639706600733,True,-0.38335654123234614,0.7017799114670515,False,-0.38335654123234614
353,-0.00041550163200054834,0.0006147972423237727,-0.0016263203485645484,0.0007953170845634519,True,-0.6758352240326597,0.4997674680502872,False,-0.6758352240326597
354,-0.0004715296889556375,0.0006100044418305239,-0.001672909175571162,0.0007298497976598869,True,-0.772993861390015,0.44025333103870906,False,-0.7729938613900151
355,0.0004659449296241242,0.0005960958584099772,-0.0007080421551275986,0.001639932014375847,True,0.781661075228711,0.4351504736811401,False,0.7816610752287109
356,2.4847197136318437e-05,0.0006268129042191129,-0.0012096358876343316,0.0012593302819069686,True,0.03964053223708471,0.9684112242524234,False,0.039640532237084705
357,-0.00010346544300438551,0.0006618688841681262,-0.0014069898860109983,0.0012000590000022274,True,-0.15632317137015234,0.875903949954406,False,-0.15632317137015234
358,0.0008096519104299012,0.0005453628193938987,-0.00026441847177342435,0.0018837222926332267,True,1.4846114946554774,0.13890151013055843,False,1.4846114946554776
359,-0.0010729516253778658,0.0006716140042455571,-0.002395668694786506,0.0002497654440307745,True,-1.5975718472147442,0.11139641659984005,False,-1.5975718472147444
360,-0.00016869870194625148,0.0006461965461935331,-0.0014413570986442823,0.0011039596947517794,True,-0.2610640724404722,0.7942571688978401,False,-0.26106407244047225
361,-0.000710427048866536,0.0006275270560930474,-0.001946316627349098,0.000525462529616026,True,-1.1321058462237783,0.2586703105645462,False,-1.1321058462237783
362,-0.00026093603108092,0.0006223494617041292,-0.0014866285433418065,0.0009647564811799665,True,-0.4192757399780181,0.6753732264677558,False,-0.41927573997801815
363,-0.0010181760661660648,0.0006584743682968389,-0.002315015145173495,0.0002786630128413653,True,-1.5462652992850787,0.12330037983616578,False,-1.5462652992850787
364,0.0003658523034363952,0.0006540116825056809,-0.000922197693398749,0.0016539023002715395,True,0.559397199197917,0.5763894783805541,False,0.559397199197917
365,0.000927559530965418,0.0006749006421142522,-0.00040163044100690725,0.0022567495029377433,True,1.3743645702568377,0.1705543951533429,False,1.374364570256838
366,-0.0006182380402508897,0.0006451601236102482,-0.0018888552438925438,0.0006523791633907644,True,-0.9582706953295481,0.33884838999178013,False,-0.958270695329548
367,-0.0004170205069191972,0.0006048488029676469,-0.0016082461678483522,0.0007742051540099577,True,-0.6894623993188319,0.49116922058784024,False,-0.6894623993188319
368,-0.0009484481879012002,0.000613367424342375,-0.0021564509348186668,0.0002595545590162666,True,-1.546296966973888,0.12329273573242679,False,-1.546296966973888
369,0.0014562977506654246,0.0006435552342581578,0.00018884131277180903,0.00272375418855904,False,2.2628947340380745,0.0244971343564904,True,2.2628947340380745
370,-0.00012905995920140523,0.000625991331805714,-0.0013619249897800813,0.0011038050713772707,True,-0.20616892382379018,0.836826091351146,False,-0.20616892382379023
371,0.00039384630075919576,0.0006400686380770183,-0.0008667434246272729,0.0016544360261456644,True,0.6153188538379925,0.5389016546865196,False,0.6153188538379925
372,3.4362246716684735e-05,0.0006373555277219073,-0.0012208841157333218,0.001289608609166691,True,0.0539137815898535,0.9570467427245488,False,0.05391378158985351
373,-9.037843299741721e-05,0.000663769844652046,-0.0013976467420706356,0.0012168898760758014,True,-0.13615929335384971,0.891804494990003,False,-0.13615929335384974
374,-0.0002403505060063791,0.0006186347755066884,-0.001458727091544786,0.000978026079532028,True,-0.38851761252755596,0.6979623661992327,False,-0.3885176125275559
375,-0.0004627254352387447,0.000661252993926896,-0.001765036906910919,0.0008395860364334294,True,-0.6997706467698819,0.4847185766699047,False,-0.6997706467698819
376,-0.00037689769896934026,0.000662980148651928,-0.001682610733178728,0.0009288153352400475,True,-0.5684901723463455,0.5702104347311385,False,-0.5684901723463455
377,0.00047424567654818654,0.000614364351569872,-0.000735720478893273,0.001684211831989646,True,0.7719290276793513,0.4408826291180828,False,0.7719290276793513
378,0.0001398289368877032,0.000604795688694736,-0.001051292117593456,0.0013309499913688621,True,0.2312002871407377,0.8173475617861473,False,0.23120028714073776
379,2.5474857950706908e-05,0.0006658282109978605,-0.0012858473217736506,0.0013367970376750645,True,0.03826040640802581,0.9695104715169314,False,0.03826040640802582
380,0.00019792445078793732,0.0006840892520705868,-0.0011493621230368684,0.001545211024612743,True,0.2893254793710964,0.7725711504080286,False,0.2893254793710964
381,-0.00039312704941505045,0.0006155382319671268,-0.0016054051156104217,0.0008191510167803208,True,-0.6386720255518518,0.5236186510261067,False,-0.6386720255518518
382,5.2183230741482756e-05,0.0006429352823309493,-0.0012140522364887047,0.00131841869797167,True,0.08116404897285069,0.9353761703310083,False,0.08116404897285069
383,-8.350480302556693e-05,0.0006156702775162729,-0.0012960429276781635,0.0011290333216270297,True,-0.13563234425160275,0.8922206452106536,False,-0.13563234425160275
384,-0.0001879838623546527,0.0005682075616490009,-0.0013070460558305976,0.0009310783311212923,True,-0.33083660803299214,0.7410439171619968,False,-0.3308366080329921
385,-0.00047193207362496414,0.000629536885513272,-0.0017117799312141642,0.0007679157839642359,True,-0.7496495987525655,0.4541678089905592,False,-0.7496495987525655
386,-0.001021636410221433,0.0006601059777867355,-0.0023216888792255766,0.00027841605878271055,True,-1.5476854393091093,0.1229579452118811,False,-1.5476854393091095
387,-0.0013759414024394675,0.000585281637384497,-0.002528630308993092,-0.0002232524958858432,False,-2.3509047859219807,0.019502065351676718,True,-2.350904785921981
388,-0.00013209167664738784,0.0006292791863224325,-0.0013714320059296414,0.0011072486526348658,True,-0.20990949568719122,0.8339085942848194,False,-0.20990949568719122
389,-2.99953637419218e-05,0.0006492188302791731,-0.0013086060287419944,0.0012486153012581506,True,-0.04620223928043396,0.9631857955838868,False,-0.04620223928043395
390,0.000745687102372686,0.0006780574044039178,-0.0005897199873759381,0.00208109419212131,True,1.0997403723188035,0.27249890763354045,False,1.0997403723188035
391,-0.0010276139685250095,0.0006580250576072125,-0.0023235681479995534,0.0002683402109495345,True,-1.5616638859646763,0.11962710704075798,False,-1.5616638859646763
392,0.0008370018508607299,0.0006493068533471176,-0.0004417821720707376,0.0021157858737921977,True,1.2890697927275243,0.19856055085474034,False,1.2890697927275243
393,-0.0007042673301550757,0.0006559869739194592,-0.0019962075848668345,0.0005876729245566831,True,-1.0735995654717743,0.2840332343499887,False,-1.0735995654717745
394,-0.00014195505801473002,0.0006716051580801795,-0.0014646547052524956,0.0011807445892230357,True,-0.21136683705723225,0.8327725461269436,False,-0.21136683705723225
395,6.452357010148065e-05,0.0006244503743919374,-0.0011653066061389156,0.001294353746341877,True,0.10332857941563554,0.9177847029878026,False,0.10332857941563556
396,0.0005046341814854762,0.0006096704007065809,-0.000696087424422185,0.0017053557873931372,True,0.8277163872489588,0.4086174063779951,False,0.8277163872489588
397,0.0002620389624309593,0.0006395389853118507,-0.000997507632900272,0.0015215855577621908,True,0.40973102257899785,0.6823527318981919,False,0.40973102257899785
398,-0.001275663380901374,0.0006210633284657899,-0.00249882290490244,-5.2503856900308274e-05,False,-2.053998879715922,0.04101166804794306,True,-2.053998879715922
399,0.0005543633488107757,0.0006628431695307683,-0.0007510799104675279,0.0018598066080890794,True,0.8363416480601492,0.40375822451631443,False,0.8363416480601492
400,4.5544446300407116e-05,0.0006587335620868161,-0.0012518051045675267,0.0013428939971683407,True,0.06913940464203143,0.9449337043739435,False,0.06913940464203143
401,0.0009106200874238273,0.0006224084155594002,-0.000315188532110257,0.0021364287069579116,True,1.4630587644053494,0.1447023753176856,False,1.4630587644053494
402,-0.0008120069997380696,0.0005735040368764787,-0.0019415003905190122,0.00031748639104287307,True,-1.4158697193494376,0.15805332806795327,False,-1.4158697193494378
403,0.0011032233753505895,0.000650423249446594,-0.00017775934529662548,0.0023842060959978046,True,1.6961622701667811,0.09109499049168941,False,1.696162270166781
404,-0.001581546260591036,0.0006577155456191992,-0.0028768908685153386,-0.0002862016526667334,False,-2.4046052600172407,0.016914941950071035,True,-2.4046052600172407
405,-0.0009877075817291826,0.0006158096897700968,-0.002200520273270873,0.0002251051098125078,True,-1.6039169213104267,0.10998989495181807,False,-1.6039169213104265
406,7.964409694327257e-05,0.000574077806262369,-0.0010509793098227801,0.0012102675037093254,True,0.13873397660468528,0.8897716102982975,False,0.1387339766046853
407,-6.825565985527856e-05,0.0005898033573040904,-0.001229849913949191,0.0010933385942386337,True,-0.11572612975155949,0.9079621279812368,False,-0.11572612975155949
408,-0.000330315473449501,0.0006723515614936866,-0.0016544851325236336,0.0009938541856246315,True,-0.4912838645242034,0.6236549890215228,False,-0.4912838645242034
409,0.0011668473830477961,0.0006110277830931933,-3.6547533483433266e-05,0.0023702422995790255,True,1.9096470166068205,0.05731866814680724,False,1.909647016606821
410,-6.790410420782242e-05,0.0006084628549328305,-0.0012662474967415293,0.0011304392883258844,True,-0.11159942411820438,0.9112302194641722,False,-0.11159942411820437
411,-0.001220142707092035,0.0005941190964783736,-0.002390236637840773,-5.004877634329674e-05,False,-2.0537005363476797,0.04104079029232415,True,-2.05370053634768
412,0.0003857939027883276,0.0006515303760170626,-0.0008973692596059288,0.001668957065182584,True,0.5921349441092278,0.5542932332043773,False,0.5921349441092278
413,8.66511676080895e-05,0.0006445997981125755,-0.0011828624972515982,0.0013561648324677774,True,0.13442630274134276,0.8931732107606956,False,0.13442630274134276
414,-0.0008144350658533872,0.0006456417917399561,-0.0020860008957192225,0.00045713076401244807,True,-1.2614348641505155,0.20832328796088362,False,-1.2614348641505158
415,-0.00032461151201373066,0.0005849998768766053,-0.0014767455024534597,0.0008275224784259983,True,-0.5548915903143025,0.5794629510343953,False,-0.5548915903143026
416,-0.0005505869672501612,0.0006039206193545026,-0.001739984607469667,0.0006388106729693445,True,-0.9116876450395969,0.36280793185661075,False,-0.9116876450395969
417,1.3463351738882749e-05,0.000617860522174966,-0.001203388372656901,0.0012303150761346666,True,0.021790276697869666,0.9826325627140453,False,0.02179027669786967
418,0.00015002219968556868,0.0006481097548778789,-0.0011264041854226617,0.0014264485847937992,True,0.23147653396119128,0.8171332043467512,False,0.23147653396119128
419,-8.166324209829125e-05,0.0006356411412753195,-0.0013335331886276502,0.0011702067044310675,True,-0.12847381454014462,0.8978768984419746,False,-0.12847381454014462
420,0.0004582685585834257,0.0006428188528310009,-0.0008077376053773374,0.001724274722544189,True,0.7129046644559225,0.4765669868033587,False,0.7129046644559225
421,0.00018029145289357305,0.0006175799886017808,-0.0010360077717874211,0.0013965906775745673,True,0.29193214841976695,0.7705796429359659,False,0.291932148419767
422,6.867278984293456e-05,0.0006368807594259323,-0.001185638535331002,0.0013229841150168712,True,0.1078267616450439,0.9142192548141609,False,0.1078267616450439
423,-0.0008992190841596231,0.0006516521726654409,-0.00218262212020867,0.0003841839518894235,True,-1.379906523570026,0.1688433396926292,False,-1.3799065235700263
424,-0.00037266584260011587,0.0006308183755057276,-0.0016150375437610435,0.0008697058585608118,True,-0.590765673719237,0.5552090025974927,False,-0.590765673719237
425,-0.00010979326074224686,0.0006348207499107558,-0.001360047479108339,0.0011404609576238455,True,-0.17295159422196232,0.8628288606173024,False,-0.17295159422196232
426,-0.0007310215506633711,0.0005971730560690887,-0.0019071301333615737,0.00044508703203483143,True,-1.2241368615579284,0.22204837172243796,False,-1.2241368615579284
427,0.0003949208694759801,0.0006429436508749046,-0.000871331079268687,0.0016611728182206473,True,0.6142386956284267,0.539613947257526,False,0.6142386956284268
428,-0.0004055012803308533,0.0006000002664555735,-0.0015871779414392336,0.000776175380777527,True,-0.6758351670846772,0.4997675041495626,False,-0.6758351670846773
429,0.0003287839910295276,0.0005849948107841924,-0.0008233400219426867,0.0014809080040017418,True,0.5620289017415193,0.5745978653730793,False,0.5620289017415193
430,0.0007662319212910232,0.0006264533050256416,-0.00046754294717034296,0.0020000067897523893,True,1.2231269515924417,0.22242885487481467,False,1.223126951592442
431,0.0005249629905404474,0.0006379651419476449,-0.0007314839828810995,0.0017814099639619943,True,0.8228709627265636,0.4113624545901262,False,0.8228709627265636
432,9.316293653619815e-05,0.0006063983205071325,-0.0011011144375583605,0.0012874403106307567,True,0.15363323641511034,0.8780223751103626,False,0.15363323641511034
433,-0.0001950748870083345,0.0006334575114860473,-0.0014426442615167391,0.00105249448750007,True,-0.3079525989844249,0.7583737958231095,False,-0.30795259898442495
434,-0.00012097612377967865,0.0006581351732575958,-0.0014171471716480474,0.0011751949240886902,True,-0.1838165299400102,0.8543057979845519,False,-0.1838165299400102
435,-6.285146640205002e-05,0.0006792523658242443,-0.0014006119851410748,0.0012749090523369747,True,-0.0925303606793955,0.9263504803672485,False,-0.0925303606793955
436,0.0015342010750315936,0.0006676831397883679,0.00021922568682999802,0.002849176463233189,False,2.297798137478627,0.02239631469459037,True,2.2977981374786274
437,0.0017658190153369117,0.0006188176438256458,0.0005470822779174986,0.002984555752756325,False,2.8535369554434324,0.004684251141969664,True,2.8535369554434324
438,-8.052185515880462e-05,0.000606594447495628,-0.0012751854935566906,0.0011141417832390811,True,-0.1327441348849224,0.8945020929575752,False,-0.1327441348849224
439,0.0005627202939969704,0.0006361796601563226,-0.0006902102440501334,0.001815650832044074,True,0.8845304703056652,0.3772564327745573,False,0.8845304703056653
440,-0.0006933768218970517,0.0006366998612846398,-0.0019473318753765335,0.0005605782315824302,True,-1.0890167629345129,0.27719097475903537,False,-1.0890167629345127
441,-0.0019567678372803465,0.0006053547118754146,-0.0031489898656819485,-0.0007645458088787443,False,-3.232431826983219,0.0013917551010586126,True,-3.232431826983219
442,-0.00039660320856828063,0.000633080329100219,-0.0016434297373693868,0.0008502233202328255,True,-0.6264658532858898,0.5315787528083022,False,-0.6264658532858898
443,-0.0008935519068282815,0.0006634327279754088,-0.0022001562780149288,0.0004130524643583659,True,-1.3468613608423046,0.1792396879640393,False,-1.3468613608423046
444,-1.7394523915538302e-06,0.0006050850926516315,-0.00119343047645542,0.0011899515716723122,True,-0.0028747235928935585,0.9977085890132246,False,-0.0028747235928935594
445,-0.0004041608763059896,0.0005784923350059314,-0.001543478521854428,0.0007351567692424489,True,-0.6986451709889046,0.48542061830573385,False,-0.6986451709889046
446,-0.0004558160971065626,0.0006832421176858425,-0.0018014342734535003,0.0008898020792403752,True,-0.667137000643963,0.5052974678261477,False,-0.667137000643963
447,-9.117381192144483e-05,0.0006248763371670677,-0.0013218429049057384,0.001139495281062849,True,-0.14590696830478395,0.8841119388134938,False,-0.14590696830478392
448,-0.0007153339205310832,0.0006055625481202732,-0.0019079652741507097,0.00047729743308854344,True,-1.181271732790529,0.23861284291426196,False,-1.181271732790529
449,-0.0009506704845616666,0.0006554111633403419,-0.0022414767032394385,0.00034013573411610524,True,-1.4504948004188976,0.1481690796803285,False,-1.4504948004188976
450,0.00029010280325763877,0.0006476084775720467,-0.000985336336133945,0.0015655419426492225,True,0.44796016930671617,0.6545683429854889,False,0.4479601693067162
451,-0.00044400080714410183,0.000585552635241016,-0.0015972234331978032,0.0007092218189095996,True,-0.758259429506878,0.44900705574098154,False,-0.7582594295068781
452,0.000645161900095616,0.0006214656041322524,-0.0005787898898309281,0.00186911369002216,True,1.0381296982581207,0.30020870500096836,False,1.0381296982581207
453,0.000495940852235917,0.0005961669280239817,-0.0006781862012939522,0.001670067905765786,True,0.831882529746714,0.40626598263255354,False,0.8318825297467138
454,0.0005124244557326764,0.0006307704489549587,-0.000729852855992684,0.0017547017674580368,True,0.8123786657755535,0.41734419610549867,False,0.8123786657755536
455,-0.000526925049594416,0.0005940977486988935,-0.0016969769367405285,0.0006431268375516966,True,-0.8869332542471514,0.3759638639801911,False,-0.8869332542471514
456,-0.00016744140399576232,0.0005864634790023605,-0.0013224579006106474,0.0009875750926191227,True,-0.28551036848978,0.7754886283845209,False,-0.28551036848978
457,0.00019843509360766912,0.0006355709054487874,-0.0010532965262548084,0.0014501667134701468,True,0.31221550877561133,0.7551359586454583,False,0.3122155087756114
458,0.0007689162161897186,0.0006297707408324908,-0.00047139221014960773,0.002009224642529045,True,1.2209462369961679,0.22325203940159455,False,1.220946236996168
459,0.00011315704423193166,0.0006554551046999697,-0.0011777357152059575,0.001404049803669821,True,0.1726388938319865,0.863074403217509,False,0.1726388938319865
460,-0.00018251977242380788,0.0006165816151850365,-0.001396852740368606,0.00103181319552099,True,-0.2960188366450621,0.7674604589299551,False,-0.2960188366450621
461,-0.0001420606210584239,0.0005851430907011303,-0.0012944766654295436,0.0010103554233126958,True,-0.24277928478691255,0.8083746570779126,False,-0.24277928478691252
462,0.0002653289529190258,0.000630200882347723,-0.0009758266200266285,0.0015064845258646801,True,0.4210228204228798,0.6740986991231095,False,0.4210228204228798
463,0.00014434391089096862,0.0006436061061328982,-0.0011232127171366326,0.00141190053891857,True,0.22427368155075125,0.8227268061931682,False,0.22427368155075125
464,-0.00030206290364465045,0.0006358294873940433,-0.001554303790363788,0.000950177983074487,True,-0.47506903915806076,0.6351508824359268,False,-0.4750690391580607
465,4.216040298840411e-05,0.0005908333245547323,-0.0011214623306409913,0.0012057831366177997,True,0.07135752374864318,0.9431700380386279,False,0.07135752374864318
466,0.0007802758369200372,0.0006229148323422331,-0.0004465301503262357,0.00200708182416631,True,1.2526204168009745,0.2115096698552448,False,1.2526204168009742
467,0.001671632933721599,0.0005813379959329647,0.0005267108721572018,0.0028165549952859966,False,2.8754923046770173,0.004380276400765889,True,2.8754923046770173
468,0.00067363990405566,0.0006681388185351172,-0.0006422329253140498,0.00198951273342537,True,1.0082334469543377,0.3143133616321125,False,1.0082334469543377
469,-5.701978906697604e-05,0.0006501326698564487,-0.0013374302247685565,0.0012233906466346046,True,-0.08770485119532015,0.9301811946653422,False,-0.08770485119532016
470,0.0005787845140165712,0.0005679780984852113,-0.0005398257608846772,0.0016973947889178196,True,1.0190261130846077,0.30917176822088344,False,1.0190261130846074
471,0.001010562493469261,0.0006178575353208667,-0.0002062833484361697,0.0022274083353746917,True,1.6355914360491761,0.10317847827958987,False,1.6355914360491761
472,-0.0003710533780322856,0.0006469669862332752,-0.0016452291257460496,0.0009031223696814786,True,-0.5735275306590308,0.5668010737409072,False,-0.573527530659031
473,-0.00016676993623904854,0.000620627868691048,-0.001389071839533204,0.001055531967055107,True,-0.26871164614437826,0.7883723194528228,False,-0.26871164614437826
474,0.0006615612875294415,0.0006961035569975723,-0.0007093869820068102,0.002032509557065693,True,0.9503776857323957,0.34283457968000625,False,0.9503776857323957
475,-5.267653590025076e-05,0.0006438503527093816,-0.001320714197845872,0.0012153611260453704,True,-0.08181487464996026,0.9348591299409004,False,-0.08181487464996026
476,-0.0003165238782626211,0.000589376359932791,-0.0014772771780166298,0.0008442294214913877,True,-0.5370488193634295,0.5917096329358071,False,-0.5370488193634295
477,0.00016129884782715957,0.0005867267016259152,-0.0009942360552757223,0.0013168337509300416,True,0.27491308539422904,0.7836091664276504,False,0.27491308539422904
478,-0.0008044739058029147,0.0006370889721636309,-0.0020591952976825503,0.00045024748607672073,True,-1.2627339994142799,0.20785663226937065,False,-1.26273399941428
479,-0.0002955030977969072,0.0006298484553313043,-0.0015359645797507254,0.000944958384156911,True,-0.46916539255696144,0.6393586828299086,False,-0.4691653925569615
480,8.751414694420827e-05,0.0006649804172888377,-0.0012221383367893377,0.0013971666306777542,True,0.13160409640483597,0.8954028723515718,False,0.131604096404836
481,-0.0003197029407701434,0.0006362657539552991,-0.0015728030371301423,0.0009333971555898553,True,-0.5024676226603957,0.6157791665001751,False,-0.5024676226603958
482,-6.503061940189191e-05,0.0006656758121796353,-0.001376052655715079,0.001245991416911295,True,-0.09769112563811035,0.9222555267869822,False,-0.09769112563811036
483,-0.0001601619404277043,0.0006288830390342798,-0.0013987220733818184,0.00107839819252641,True,-0.2546768325532373,0.7991812449165024,False,-0.25467683255323736
484,1.4016738030039058e-05,0.0007000954113646923,-0.001364793329915128,0.0013928268059752063,True,0.02002118254527094,0.9840423808935751,False,0.02002118254527094
485,-0.00026358366295773175,0.0006972835711603444,-0.0016368559234551249,0.0011096885975396611,True,-0.37801501979905267,0.7057389199648434,False,-0.37801501979905267
486,-0.00026512163928780493,0.0005986074976384973,-0.001444055297605235,0.0009138120190296253,True,-0.4428972913531956,0.6582214849120069,False,-0.44289729135319567
487,0.0006968931264129734,0.0005982682420192429,-0.0004813723814554729,0.0018751586342814195,True,1.1648506095875273,0.24518534553071072,False,1.1648506095875273
488,0.0005644559877076691,0.0006575494121656183,-0.0007305614269873945,0.0018594734024027326,True,0.8584236823338509,0.3914775492063682,False,0.8584236823338509
489,7.660278478316517e-05,0.0006353571128923333,-0.0011747077791424995,0.0013279133487088298,True,0.12056650225327085,0.9041308575183554,False,0.12056650225327085
490,-0.00028489212783680166,0.0005830581216201185,-0.0014332019085278756,0.0008634176528542724,True,-0.48861703022879455,0.6255394808495003,False,-0.48861703022879466
491,6.56937667035693e-05,0.0006438841927985003,-0.0012024105419516568,0.0013337980753587953,True,0.10202730155254448,0.9188164639837395,False,0.1020273015525445
492,0.0006587185171786117,0.0006570141908303601,-0.0006352448003838989,0.001952681834741122,True,1.0025940480008466,0.31702232805832264,False,1.0025940480008468
493,0.0001794114394849569,0.0006638400615975197,-0.001127995159069649,0.0014868180380395628,True,0.2702630495863813,0.787179975118443,False,0.2702630495863813
494,-0.00018759904634161584,0.0006297047446360431,-0.0014277774957968902,0.0010525794031136587,True,-0.29791588508681854,0.7660138111329325,False,-0.29791588508681854
495,-0.00014135997924408006,0.000600151102284616,-0.0013233337055186002,0.00104061374703044,True,-0.23554064752353218,0.8139811990313714,False,-0.23554064752353218
496,-0.0006343908799342126,0.0005980078122079825,-0.001812143481647398,0.0005433617217789728,True,-1.0608404555651125,0.2897821101919208,False,-1.0608404555651127
497,-0.0005324084615155908,0.0006392026367822832,-0.0017912926317953535,0.000726475708764172,True,-0.8329259469199166,0.40567833970002315,False,-0.8329259469199166
498,-0.0005035803162390676,0.000585095725331496,-0.0016559030763985448,0.0006487424439204096,True,-0.8606802176750743,0.3902355759825557,False,-0.8606802176750744
499,-0.0006623572046623201,0.0006191097546328211,-0.0018816692426984073,0.0005569548333737672,True,-1.0698542539604277,0.28571264921351713,False,-1.0698542539604274
500,-0.0008147836578068375,0.0006353770208211198,-0.0020661334296064537,0.00043656611399277864,True,-1.282362488894962,0.20089857365715022,False,-1.2823624888949623
501,0.00046239061743519924,0.0006498552259655857,-0.0008174734035580402,0.0017422546384284385,True,0.7115286589380847,0.4774174429333789,False,0.7115286589380847
502,-0.00025218925510205053,0.000630111380139742,-0.0014931685570088373,0.0009887900468047363,True,-0.4002296467747045,0.6893277975173123,False,-0.4002296467747046
503,0.0005001536304977892,0.0005922159556977822,-0.000666192140176765,0.0016664994011723433,True,0.8445460236012723,0.3991686035589679,False,0.8445460236012723
504,0.0006637821935325024,0.0006354484673758601,-0.0005877082894150468,0.0019152726764800516,True,1.044588550624174,0.2972181397819885,False,1.044588550624174
505,-1.3037739516235269e-05,0.0006357752786316309,-0.0012651718642338343,0.001239096385201364,True,-0.020506836227253425,0.9836553508690747,False,-0.020506836227253425
506,0.0003377606050789818,0.0006124752454161054,-0.0008684850309276292,0.0015440062410855928,True,0.5514681737863756,0.5818033732047574,False,0.5514681737863756
507,0.0007600415343652018,0.0006795653552119318,-0.0005783354045244171,0.0020984184732548206,True,1.1184230163236797,0.2644556213183263,False,1.11842301632368
508,0.00045066103484718193,0.0006420748054158507,-0.0008138797573222739,0.0017152018270166379,True,0.7018824458550489,0.4834027878309822,False,0.7018824458550489
509,0.00026377659852278886,0.0006351293181638095,-0.0009870853327450767,0.0015146385297906545,True,0.4153116396600618,0.6782685806088679,False,0.4153116396600619
510,0.001223378931517938,0.0006382981623148303,-3.37239122716361e-05,0.0024804817753075123,True,1.9166261220011567,0.05642097847661854,False,1.916626122001157
511,0.0007743990274412098,0.0006466053166919769,-0.0004990644264955688,0.0020478624813779884,True,1.1976378904569231,0.23218777347161623,False,1.197637890456923
512,0.0010129430840680092,0.0006297424787019676,-0.00022730968112931503,0.0022531958492653333,True,1.6085036635227452,0.10898196407864333,False,1.6085036635227452
513,-0.00016145233297031842,0.0006226810932289555,-0.0013877979803294442,0.0010648933143888072,True,-0.2592857479148697,0.7956273026998323,False,-0.25928574791486964
514,0.0010638620201780364,0.000607940779726829,-0.0001334531660018303,0.002261177206357903,True,1.7499435070897371,0.08135004900774877,False,1.749943507089737
515,0.0007123501587825464,0.0005778561729333689,-0.0004257145908659113,0.0018504149084310041,True,1.2327464724767867,0.21882373291322396,False,1.2327464724767865
516,-0.00013918323821161767,0.000670433122773377,-0.001459574608527733,0.0011812081321044975,True,-0.20760197174605446,0.8357081019243505,False,-0.20760197174605446
517,-0.0006577702530005824,0.0005837188172105697,-0.001807381247379353,0.000491840741378188,True,-1.1268614846851845,0.2608771921370399,False,-1.1268614846851843
518,2.4175795321608228e-05,0.00064028495261528,-0.001236839952944537,0.0012851915435877536,True,0.03775786893454364,0.9699107488388532,False,0.03775786893454364
519,0.0005012306993066088,0.0006410720329120275,-0.0007613351722996129,0.0017637965709128304,True,0.781863306420967,0.4350318206425484,False,0.781863306420967
520,7.1852054252871365e-06,0.0006459741484204479,-0.0012650351877040293,0.0012794055985546034,True,0.011123054139018687,0.991134105511285,False,0.011123054139018687
521,0.00031214149728684624,0.0005967361479020995,-0.0008631066121535214,0.0014873896067272138,True,0.5230812619349752,0.6013791544020889,False,0.5230812619349753
522,0.0003787232181187625,0.0005671707526549669,-0.0007382970212802039,0.001495743457517729,True,0.6677410926884575,0.5049123641552467,False,0.6677410926884576
523,0.0006633757535508549,0.0006392941399362756,-0.0005956886285513614,0.0019224401356530711,True,1.0376690667256543,0.3004227539528956,False,1.0376690667256545
524,-0.0008618379970338963,0.0007000375873840249,-0.002240534182948959,0.0005168581888811666,True,-1.2311310314843298,0.2194261862450383,False,-1.2311310314843298
525,-0.0007932894947247136,0.0006361551014297845,-0.0020461716653366697,0.0004595926758872422,True,-1.2470064186261545,0.2135574942508188,False,-1.2470064186261547
526,0.0007778667306715991,0.0006399588745181465,-0.0004825068197512729,0.002038240281094471,True,1.215494872631135,0.22531942738225477,False,1.2154948726311352
527,1.5299709857836663e-05,0.0006312330457397752,-0.0012278886678364616,0.001258488087552135,True,0.02423781511613691,0.9806821728207122,False,0.024237815116136905
528,0.0004559520462280044,0.0006231764880778956,-0.0007713692615828808,0.0016832733540388897,True,0.7316579732241301,0.4650598976202742,False,0.7316579732241301
529,-0.00023894226062251152,0.0006556214019024976,-0.001530162535786678,0.0010522780145416552,True,-0.36445158734773336,0.7158276682140576,False,-0.36445158734773336
530,0.0007801722689082055,0.0006113206657187827,-0.00042379946830536734,0.001984144006121778,True,1.2762079096261032,0.2030616498576934,False,1.2762079096261034
531,-0.0005200401743877944,0.0006533570535473386,-0.001806800905525894,0.0007667205567503052,True,-0.7959509606030681,0.42681266025202963,False,-0.7959509606030681
532,0.0003606339295550993,0.0005988796516896713,-0.0008188357253417961,0.0015401035844519947,True,0.6021809699788787,0.5475972693794778,False,0.6021809699788787
533,-0.0004827473946285607,0.0005883945084654451,-0.0016415669769685897,0.0006760721877114683,True,-0.8204485046734783,0.41273895321510845,False,-0.8204485046734783
534,-0.0009585902201452701,0.0006321001506829911,-0.0022034863265380615,0.0002863058862475215,True,-1.5165163607531227,0.13064722313196683,False,-1.5165163607531227
535,0.00018086585155737146,0.0005943562972397452,-0.0009896952366567555,0.0013514269397714982,True,0.30430543496776596,0.7611473417618513,False,0.30430543496776596
536,0.0008953129000964552,0.0006127301811925102,-0.00031143482178228174,0.002102060621975192,True,1.4611862245041947,0.1452150535910509,False,1.4611862245041944
537,0.00023440072623424796,0.0006511180181357255,-0.0010479503137133324,0.0015167517661818283,True,0.3599972965045288,0.7191518792007615,False,0.35999729650452883
538,0.0001630601021394895,0.000658924750273343,-0.001134665986257724,0.0014607861905367031,True,0.24746392068570344,0.8047515151425759,False,0.24746392068570347
539,-0.0009248703572449416,0.0006220327451500995,-0.002149939108849363,0.00030019839435947986,True,-1.4868515595939662,0.13830908714772278,False,-1.4868515595939664
540,3.916563061358605e-05,0.0006860909705732139,-0.0013120632481882434,0.0013903945094154153,True,0.057085185920555157,0.9545227539725663,False,0.057085185920555157
541,-0.0006313694530333322,0.0005879279628524551,-0.0017892701923443912,0.0005265312862777269,True,-1.0738891376591644,0.2839036694022881,False,-1.0738891376591644
542,-0.0012384165676359246,0.0006413805046401455,-0.0025015899620418978,2.4756826770048817e-05,True,-1.9308609455330317,0.0546264860246056,False,-1.930860945533032
543,-0.0005212068128947512,0.0006257701978964305,-0.0017536363290342025,0.0007112227032447003,True,-0.8329044985632484,0.40569041407221546,False,-0.8329044985632486
544,-0.0004180722411124363,0.0006153871354322836,-0.0016300527286919623,0.0007939082464670899,True,-0.6793646097570077,0.4975328701585281,False,-0.6793646097570079
545,0.0003357541790789231,0.0006094947560726272,-0.0008646215017080409,0.001536129859865887,True,0.5508729578616994,0.5822107462832508,False,0.5508729578616993
546,0.0003586920575275048,0.0006037813677272796,-0.0008304313321506088,0.0015478154472056184,True,0.5940760624622677,0.5529962867458112,False,0.5940760624622679
547,-7.457126277985028e-05,0.0006360976137911788,-0.001327340213774015,0.0011781976882143145,True,-0.11723242024978087,0.9067696279240859,False,-0.11723242024978085
548,-0.000568659837785954,0.0006587542114009668,-0.001866050056656827,0.0007287303810849191,True,-0.8632352217932543,0.3888322407191918,False,-0.8632352217932543
549,-0.00033840837412863655,0.0005939599479396544,-0.0015081888681601464,0.0008313721199028731,True,-0.5697494844602188,0.5693571917060575,False,-0.5697494844602189
550,0.0005922958956716528,0.0006094072889195821,-0.0006079075220362003,0.0017924993133795059,True,0.9719212527335106,0.3320254028747004,False,0.9719212527335107
551,-0.0002542443668548477,0.00064210593469112,-0.0015188464668938488,0.0010103577331841533,True,-0.3959539277224558,0.6924753814623272,False,-0.39595392772245586
552,0.00011642225705577084,0.0006008872557192986,-0.0010670012941294913,0.0012998458082410331,True,0.1937505845691573,0.8465278851354158,False,0.19375058456915734
553,8.566152097193561e-05,0.0006235916812327993,-0.0011424774932441482,0.0013138005351880195,True,0.13736796617072966,0.8908500770094604,False,0.13736796617072966
554,-0.0006013699449260627,0.0006545239901018096,-0.0018904289111958874,0.0006876890213437622,True,-0.9187897678624751,0.3590876235190738,False,-0.9187897678624752
555,0.000901206288397331,0.0006333787483003747,-0.0003462079651495219,0.002148620541944184,True,1.4228552675877615,0.15601976993736627,False,1.4228552675877615
556,0.0003382099324485348,0.0006138635542763954,-0.0008707699226415207,0.0015471897875385901,True,0.5509529440092055,0.5821559949891197,False,0.5509529440092056
557,-0.0006989237727846586,0.0006347808127298444,-0.0019490993364613585,0.0005512517908920412,True,-1.1010474147430047,0.271930777299935,False,-1.1010474147430047
558,6.301667170649687e-05,0.0006664635433164071,-0.0012495567697503086,0.0013755901131633022,True,0.09455381669178468,0.9247446724649128,False,0.09455381669178468
559,0.0002294745084358041,0.000590632074614993,-0.0009337518714415434,0.0013927008883131515,True,0.3885236144437099,0.6979579311471475,False,0.38852361444371003
560,-0.00016962313972176366,0.0006761529941456923,-0.0015012795692104942,0.0011620332897669667,True,-0.25086502787150944,0.8021237022066291,False,-0.2508650278715095
561,-0.00017642879612610665,0.000605149757189221,-0.001368247174424867,0.0010153895821726538,True,-0.29154567779317486,0.7708748126213104,False,-0.2915456777931749
562,-0.0005821279865691624,0.0005998177595171036,-0.001763445207521034,0.0005991892343827091,True,-0.970508087386104,0.332727575694363,False,-0.9705080873861041
563,-0.0004991396886033083,0.0006549686803748073,-0.0017890744546792355,0.000790795077472619,True,-0.7620817659825725,0.4467267104384776,False,-0.7620817659825726
564,-0.000664461657772265,0.000588396685325662,-0.0018232855273519117,0.0004943622118073816,True,-1.1292749846211372,0.2598599444650982,False,-1.129274984621137
565,-0.00036363361551767267,0.0006315344806108238,-0.0016074156572015996,0.0008801484261662544,True,-0.5757937637323683,0.5652704655071182,False,-0.5757937637323685
566,-0.0006772053135396033,0.0006321733484790413,-0.0019222455800804363,0.0005678349530012297,True,-1.07123357093257,0.28509337344411567,False,-1.0712335709325698
567,0.0004255043903554678,0.0006077304976697464,-0.0007713966536764757,0.0016224054343874112,True,0.7001530974453349,0.48448014023503766,False,0.7001530974453349
568,-0.0004246728277448803,0.0006020136868384523,-0.0016103148402180237,0.0007609691847282631,True,-0.7054205527703216,0.4812026940466833,False,-0.7054205527703216
569,9.940595534283151e-05,0.0006512933416680898,-0.001183290377328637,0.0013821022880142998,True,0.15262854536211498,0.8788138334630767,False,0.152628545362115
570,-2.711569904906745e-05,0.0006379783830182037,-0.0012835887502324456,0.0012293573521343108,True,-0.042502535776817604,0.9661318808570248,False,-0.042502535776817604
571,-0.00034131576803086495,0.0006577374666027517,-0.0016367035484604157,0.000954072012398686,True,-0.5189240165894435,0.6042709447741197,False,-0.5189240165894436
572,0.0009029943326138631,0.0006654091934328852,-0.0004075026086817671,0.0022134912739094933,True,1.3570511822285802,0.17598402383324477,False,1.3570511822285805
573,-0.0008992470686818052,0.0006263361367326536,-0.00213279117885024,0.00033429704148662956,True,-1.4357259879221071,0.15232536209336503,False,-1.4357259879221074
574,0.00031160784162167387,0.0006252465549485993,-0.0009197903805587577,0.0015430060638021053,True,0.49837594330654206,0.6186555116320362,False,0.49837594330654206
575,0.0007167399472752216,0.0006480765876301653,-0.0005596211162577903,0.0019931010108082334,True,1.1059494525116838,0.269807285621807,False,1.105949452511684
576,-0.0010232337380874205,0.0006166084611916501,-0.0022376195781745037,0.00019115210199966283,True,-1.6594545850213136,0.0982731098014629,False,-1.6594545850213134
577,-0.00044562742748281264,0.000654915757561055,-0.001735457964181942,0.0008442031092163165,True,-0.6804347312429243,0.4968563915236214,False,-0.6804347312429244
578,0.0007592338145494446,0.0006164560502594864,-0.00045485185826854807,0.0019733194873674375,True,1.2316106139762246,0.21924720860688532,False,1.2316106139762248
579,-0.00021071521385807027,0.0006393856029919446,-0.0014699597288106872,0.0010485293010945465,True,-0.32955889665336263,0.742008135498466,False,-0.32955889665336274
580,-0.00020021155087700297,0.0006026985698853461,-0.001387202413271304,0.0009867793115172982,True,-0.3321918466059909,0.7400216402779529,False,-0.3321918466059909
581,0.0008616164560213322,0.0006585102717841377,-0.00043529333347635136,0.0021585262455190157,True,1.3084328262441647,0.1919233913124399,False,1.3084328262441645
582,-0.0008239183083555522,0.0006365102638148847,-0.002077499957159169,0.00042966334044806465,True,-1.294430514627445,0.19670635539794018,False,-1.2944305146274455
583,0.0005460057852726546,0.0006523189513691325,-0.0007387104449136728,0.001830722015458982,True,0.8370227235107299,0.40337601771726506,False,0.8370227235107299
584,-0.000404989629850624,0.0006331517476395543,-0.0016519568146244373,0.0008419775549231893,True,-0.639640704397423,0.5229895837369035,False,-0.6396407043974232
585,-0.0007785691836421243,0.0006234343173240949,-0.0020063982758988146,0.0004492599086145658,True,-1.2488391511457042,0.2128873899532601,False,-1.2488391511457042
586,-0.000652871879686877,0.0006085615062656876,-0.0018514095620970083,0.0005456658027232544,True,-1.0728116598979305,0.28438597528543424,False,-1.0728116598979305
587,0.000507840944255026,0.0006439437617434323,-0.0007603806830680214,0.0017760625715780734,True,0.7886417641194047,0.43106564625082755,False,0.7886417641194046
588,0.0005399031242448785,0.0005821571420752549,-0.0006066322130670438,0.0016864384615568008,True,0.9274181921400971,0.3546003708902868,False,0.927418192140097
589,0.00041867751866522845,0.00060833672148077,-0.0007794174590513225,0.0016167724963817795,True,0.6882331838296947,0.49194151668714353,False,0.6882331838296946
590,-0.0006214531573393136,0.0006567671156774977,-0.0019149298702151262,0.0006720235555364991,True,-0.9462306234657387,0.34494099530940814,False,-0.9462306234657386
591,-0.0001360021185358895,0.0005755884336436568,-0.001269600645847545,0.000997596408775766,True,-0.23628361966023717,0.8134052978308352,False,-0.2362836196602372
592,0.0011673903949785459,0.0006474807860683654,-0.00010779726107518314,0.0024425780510322747,True,1.8029730303924179,0.07259177017296307,False,1.8029730303924183
593,0.0007809670000776627,0.0006418825190739993,-0.00048319509178927807,0.0020451290919446035,True,1.2166821448951615,0.22486799604424784,False,1.2166821448951615
594,-0.00025961722366839356,0.0006334274862667576,-0.0015071274647015932,0.0009878930173648063,True,-0.4098610011360637,0.6822575005286072,False,-0.4098610011360638
595,0.0008988866530004764,0.0006308909209640702,-0.0003436279235553229,0.0021414012295562757,True,1.4247893306609631,0.1554602912194987,False,1.4247893306609634
596,0.00017907891318523595,0.0006487646194594938,-0.001098637201670703,0.0014567950280411752,True,0.2760306401024646,0.782751664792548,False,0.2760306401024646
597,-0.0006798305458131728,0.0005984343646949921,-0.0018584232256843472,0.0004987621340580015,True,-1.136015218911545,0.25703369645296403,False,-1.136015218911545
598,0.00048827856733729496,0.0006151099032649153,-0.000723155922514892,0.001699713057189482,True,0.793807033093732,0.4280575856330401,False,0.793807033093732
599,-5.697151860420636e-05,0.000610148391903199,-0.0012586345091625704,0.0011446914719541578,True,-0.09337321766349091,0.9256815548343021,False,-0.09337321766349092
600,0.0005178472005583454,0.0006183626100813871,-0.000699993365999705,0.0017356877671163959,True,0.8374490826510158,0.4031368639353936,False,0.8374490826510158
601,0.0005275465197927276,0.0006271622325455146,-0.0007076245532230136,0.0017627175928084688,True,0.8411643629297182,0.40105650438934853,False,0.8411643629297182
602,0.00011677812421430364,0.0006434685479154672,-0.0011505075883751395,0.0013840638368037468,True,0.18148225673594978,0.8561355258556309,False,0.1814822567359498
603,-0.0013532535293221827,0.000675100076061148,-0.002682836278520878,-2.3670780123487452e-05,False,-2.0045228512159285,0.04608822850790675,True,-2.0045228512159285
604,1.191437625524675e-05,0.0006213686578903895,-0.0012118464819037692,0.0012356752344142628,True,0.019174408145556106,0.9847172063736105,False,0.01917440814555611
605,0.00034436849294116944,0.0006370263114575187,-0.000910229491169968,0.001598966477052307,True,0.5405875499133671,0.5892712777860049,False,0.540587549913367
606,-0.0006391013309308679,0.0005679727992960441,-0.0017577011692898148,0.0004794985074280791,True,-1.1252322852836998,0.26156543541513394,False,-1.1252322852837
607,0.0011174747748135597,0.0006254883800851516,-0.00011439971235525448,0.002349349261982374,True,1.7865636043653297,0.07521489909825382,False,1.7865636043653297
608,0.00014526564105369827,0.0006071193937520785,-0.0010504318581176972,0.0013409631402250938,True,0.23927030259392196,0.8110912523197635,False,0.23927030259392196
609,-0.0011530224744711517,0.0006289526343060159,-0.002391719672544953,8.567472360264958e-05,True,-1.8332421419037261,0.06795083244317775,False,-1.8332421419037264
610,-0.00013503731193168346,0.0006180036866046357,-0.0013521709929776547,0.001082096369114288,True,-0.21850567376642982,0.8272126926811095,False,-0.21850567376642982
611,-0.0008716430145017527,0.0006174505816772931,-0.002087687377391841,0.00034440134838833536,True,-1.4116806111574964,0.15928246646020858,False,-1.4116806111574962
612,0.00022207491065364174,0.0006081992957045848,-0.000975749412462517,0.0014198992337698005,True,0.36513509999444027,0.7153180441633565,False,0.3651350999944403
613,0.0005592826528359319,0.0006148730099107702,-0.0006516852849771724,0.0017702505906490363,True,0.9095905070172043,0.36391110273109756,False,0.9095905070172043
614,0.0003753501865428201,0.0006529539595730196,-0.0009106166670450246,0.0016613170401306647,True,0.5748493918135812,0.5659080490575243,False,0.5748493918135813
615,7.363348542939383e-05,0.000563824845489034,-0.0010367971228822821,0.0011840640937410697,True,0.1305963829343628,0.896199210708005,False,0.13059638293436282
616,0.0008406670367667053,0.0006400672679019772,-0.0004199199901145154,0.002101254063647926,True,1.313404198159136,0.1902461136542644,False,1.313404198159136
617,0.001563211192806277,0.0006082292184555775,0.0003653279380221488,0.0027610944475904052,False,2.5701021019272967,0.010744715539131089,True,2.570102101927297
618,-0.0007818876390098786,0.000558219522052961,-0.0018812787857534791,0.00031750350773372183,True,-1.4006812877742696,0.16254443021911527,False,-1.4006812877742696
619,0.0007739377652667674,0.0006048628349241897,-0.00041731553104270886,0.001965191061576244,True,1.2795260686892236,0.20189334586834132,False,1.2795260686892238
620,0.0005408809331350797,0.0006189803639094072,-0.0006781762750174719,0.0017599381412876313,True,0.8738256731101117,0.3830484636943851,False,0.8738256731101118
621,0.0005417151130804342,0.0006558797432884901,-0.0007500139551684906,0.0018334441813293591,True,0.8259366425380813,0.4096243968568627,False,0.8259366425380814
622,-0.00017514263176713628,0.0005826608730366128,-0.0013226700471726746,0.000972384783638402,True,-0.3005910296573677,0.7639751993127514,False,-0.3005910296573678
623,0.00048524883421292804,0.000626006949378483,-0.0007476469545541623,0.0017181446229800185,True,0.7751492770083408,0.4389811057319338,False,0.7751492770083408
624,-0.0020147258676411575,0.0006707025549271637,-0.0033356478738680913,-0.0006938038614142238,False,-3.0039036721128203,0.002935007768918696,True,-3.00390367211282
625,-0.0015903902177281885,0.0006162721690335416,-0.0028041137437851494,-0.00037666669167122756,False,-2.5806620802336266,0.010429963173112487,True,-2.5806620802336266
626,0.0005300266511476572,0.0006091861213086708,-0.0006697411857469559,0.0017297944880422704,True,0.8700570032833955,0.38510054819205963,False,0.8700570032833955
627,-0.0005767311031602826,0.0006396185893766499,-0.0018364344755310614,0.0006829722692104961,True,-0.9016797084061374,0.3680914354781038,False,-0.9016797084061374
628,3.5506370841849906e-05,0.0006435621475049406,-0.0012319636824163456,0.0013029764241000454,True,0.05517162713734235,0.9560456225255856,False,0.055171627137342354
629,0.00024140904322133988,0.0006755542575860967,-0.0010890681984266819,0.0015718862848693616,True,0.3573495992519494,0.7211303804925377,False,0.3573495992519494
630,0.0003756632686781748,0.000646036251934085,-0.0008966794348512206,0.0016480059722075702,True,0.5814894559763863,0.5614324561087228,False,0.5814894559763863
631,-0.00015939491179392062,0.000668417719971864,-0.001475817026450619,0.001157027202862778,True,-0.23846601762836286,0.8117142400627907,False,-0.2384660176283629
632,-6.357085679651307e-05,0.0006302312643134547,-0.0013047862658153008,0.0011776445522222747,True,-0.10086909424552949,0.9197349025138986,False,-0.10086909424552949
633,-0.0004740958202294329,0.0006461680378867864,-0.0017466980709511806,0.0007985064304923148,True,-0.7337036071606161,0.4638141596318724,False,-0.7337036071606162
634,0.00041445517515932285,0.0006558452533852533,-0.0008772059665969364,0.001706116316915582,True,0.6319404966644864,0.5280009150821154,False,0.6319404966644864
635,-0.0005430982875218493,0.0006221386885327255,-0.0017683756904046902,0.0006821791153609916,True,-0.8729537280549328,0.38352264768205613,False,-0.8729537280549327
636,-0.0008756940926088712,0.0005785563665446441,-0.002015137845726092,0.0002637496605083497,True,-1.5135847486025351,0.13138933209838832,False,-1.5135847486025351
637,-0.0002702448786360817,0.0006374049850378491,-0.0015255886453027806,0.0009850988880306174,True,-0.42397672591160324,0.6719459111058681,False,-0.42397672591160324
638,0.0007430856710900971,0.000607783321797843,-0.0004539194079611705,0.0019400907501413646,True,1.2226160943212876,0.22262149888337757,False,1.2226160943212876
639,-0.0003178722153497222,0.0006787212975257872,-0.0016545868161969958,0.0010188423854975517,True,-0.46833982742031904,0.6399480367097258,False,-0.46833982742031904
640,-0.0009000510386489008,0.0006563876408107108,-0.0021927803908673455,0.00039267831356954374,True,-1.3712187474115736,0.17153145218654386,False,-1.3712187474115738
641,-0.0010249240683835713,0.0006211575629235772,-0.0022482691834012835,0.00019842104663414062,True,-1.6500226827467135,0.10018908299222869,False,-1.6500226827467137
642,-0.00042860551873646473,0.0006119251632891131,-0.0016337677898722572,0.0007765567523993278,True,-0.7004214640115456,0.4843128670012465,False,-0.7004214640115457
643,-0.0002556109167175944,0.0006793630177762223,-0.0015935893600751046,0.001082367526639916,True,-0.3762508556239823,0.7070482450670663,False,-0.3762508556239823
644,5.8553806585756695e-05,0.0006507740611775216,-0.0012231198238127638,0.0013402274369842774,True,0.0899756306817276,0.9283783358702586,False,0.0899756306817276
645,0.0012255871796528874,0.0006308818771587239,-1.690958548797956e-05,0.0024680839447937543,True,1.9426571344425245,0.05317593093918247,False,1.9426571344425245
646,-7.663210326256932e-05,0.000635181116492006,-0.0013275960492776548,0.001174331842752516,True,-0.12064606656727295,0.9040678989662136,False,-0.12064606656727296
647,-1.621716056390632e-05,0.0006355620988415539,-0.0012679314361637008,0.001235497115035888,True,-0.025516248677297657,0.9796634624874841,False,-0.025516248677297657
648,-0.000642832508494929,0.0006320633703578816,-0.0018876561775002733,0.0006019911605104154,True,-1.017038067133917,0.31011464168743763,False,-1.017038067133917
649,0.0004319748672655687,0.0006003674252273169,-0.0007504248984408369,0.0016143746329719743,True,0.719517497309269,0.47249151848150106,False,0.719517497309269
650,3.16142798784189e-05,0.0006034510132051558,-0.001156858489707488,0.001220087049464326,True,0.05238914043826613,0.9582602969743977,False,0.05238914043826614
651,5.2075986258063654e-05,0.0005998306564666632,-0.001129266634723018,0.0012334186072391453,True,0.08681781382235483,0.9308855460351116,False,0.08681781382235483
652,-2.8833586274201675e-05,0.000596583208973411,-0.001203780488577323,0.0011461133160289194,True,-0.048331206511524116,0.9614907190001794,False,-0.04833120651152412
653,0.0001495365412542204,0.0006412796647080834,-0.0011134382529162405,0.0014125113354246815,True,0.2331845986762903,0.8158081146604174,False,0.23318459867629027
654,0.0021537059973881227,0.0006269037042622215,0.0009190440855439399,0.0033883679092323055,False,3.435465419561901,0.000692050096678878,True,3.435465419561901
655,-0.00043078236573047937,0.0005765455838348681,-0.0015662659622752055,0.0007047012308142469,True,-0.747178328667699,0.4556552846564111,False,-0.747178328667699
656,-0.0012469323442167446,0.000649847412167163,-0.0025267809762447666,3.291628781127765e-05,True,-1.9188078937767485,0.05614277448550622,False,-1.9188078937767485
657,-1.245316314293692e-05,0.0006249044528711416,-0.0012431776288881645,0.0012182713026022908,True,-0.019928107546234468,0.9841165552103571,False,-0.019928107546234468
658,-0.0002511437410380143,0.0006344053804428698,-0.0015005799057575015,0.000998292423681473,True,-0.3958726530072842,0.6925352640781007,False,-0.39587265300728425
659,-0.0005929858095685595,0.0006764998565106344,-0.0019253253706893645,0.0007393537515522456,True,-0.8765497935611726,0.3815693529393334,False,-0.8765497935611726
660,0.0009613029314844569,0.0005982228024453225,-0.0002168730849504111,0.002139478947919325,True,1.6069312763655808,0.10932666312822592,False,1.606931276365581
661,0.0006896226824996688,0.0006845195958567409,-0.0006585114362960006,0.002037756801295338,True,1.0074549898553904,0.3146863909747154,False,1.0074549898553906
662,-0.00048600118568043735,0.0006554279201332982,-0.0017768404061954727,0.0008048380348345979,True,-0.7415021099217081,0.4590822632445892,False,-0.7415021099217081
663,-0.0008650022263603173,0.0007117732789555887,-0.0022668113900645498,0.0005368069373439149,True,-1.2152777463486226,0.2254020547309287,False,-1.2152777463486224
664,-0.0010912706721376605,0.0006220098081281617,-0.002316294250189644,0.00013375290591432338,True,-1.7544267917923413,0.08057766419605863,False,-1.7544267917923413
665,-9.627445994877637e-05,0.0006615730740558514,-0.001399216316704453,0.0012066673968069005,True,-0.14552354641423731,0.8844143205474412,False,-0.14552354641423734
666,0.00039956798114660497,0.0006535372898708097,-0.0008875477182620722,0.001686683680555282,True,0.6113927810080906,0.5414929067363283,False,0.6113927810080906
667,-0.0005827894896904636,0.0006007139950326938,-0.0017658718108445161,0.0006002928314635887,True,-0.970161332197272,0.33290001850114315,False,-0.970161332197272
668,0.0001613004971861087,0.0006392226207986575,-0.0010976230308190834,0.001420224025191301,True,0.25233853111233234,0.8009859194160701,False,0.2523385311123324
669,0.0009278787668980099,0.0006128034251669763,-0.0002790132060753217,0.0021347707398713415,True,1.514154015449868,0.13124497113237282,False,1.5141540154498683
670,0.0007011931117665964,0.0005856345550914897,-0.0004521908521744332,0.001854577075707626,True,1.1973219573033111,0.23231062249126905,False,1.1973219573033114
671,-0.000617243059571798,0.0006278405251257707,-0.001853750002846775,0.0006192638837031791,True,-0.9831207685234242,0.3264946907161512,False,-0.9831207685234242
672,0.0006614828021518197,0.0006334039281073409,-0.0005859810420233823,0.0019089466463270218,True,1.044330123004416,0.29733741029520777,False,1.044330123004416
673,0.0001349522002488575,0.0006674084128702116,-0.0011794821242140814,0.0014493865247117964,True,0.202203325050236,0.8399215669527592,False,0.202203325050236
674,0.0007262225217299387,0.000655651442180867,-0.0005650569165676913,0.0020175019600275684,True,1.1076350557764867,0.2690797576796466,False,1.1076350557764867
675,7.274256391583208e-05,0.000613408180589794,-0.0011353404508099374,0.0012808255786416014,True,0.11858753472425143,0.9056969914532905,False,0.11858753472425143
676,0.00047906004932667915,0.0006270516276244301,-0.0007558931916960506,0.001714013290349409,True,0.7639882080229766,0.44559183973894606,False,0.7639882080229767
677,0.0002065594579239481,0.0006351773985268297,-0.0010443971657065963,0.0014575160815544926,True,0.32519963462651935,0.7453008888510526,False,0.32519963462651935
678,-0.0001335516672675348,0.0006214666071556131,-0.0013575054326086947,0.001090402098073625,True,-0.21489757571816553,0.8300216736001521,False,-0.21489757571816553
679,-0.0004806168299718133,0.0005986845233883571,-0.0016597021874400647,0.000698468527496438,True,-0.8027881316384802,0.4228566940068629,False,-0.8027881316384803
680,0.0006277465938054128,0.000661616616556648,-0.0006752810181737767,0.0019307742057846024,True,0.9488071763863638,0.3436313128979539,False,0.9488071763863638
681,-2.655787633192238e-06,0.0006019553422684488,-0.0011881828927962391,0.0011828713175298547,True,-0.004411934651470972,0.9964833013476174,False,-0.004411934651470971
682,-0.0003990643028966845,0.0005884583618891564,-0.001558009642015085,0.000759881036221716,True,-0.6781521493135878,0.4982999242861588,False,-0.6781521493135878
683,-0.00010706420512663638,0.0006336068609066806,-0.0013549277173789372,0.0011407993071256644,True,-0.16897576672927644,0.865951795518341,False,-0.16897576672927647
684,-0.0013266147982942025,0.0006410959027669078,-0.0025892276806302405,-6.400191595816451e-05,False,-2.069292273696745,0.039542243865910265,True,-2.0692922736967456
685,0.0005182502732570941,0.0006014859785134774,-0.000666352438658436,0.0017028529851726242,True,0.8616165492966379,0.38972093699074223,False,0.8616165492966379
686,0.0006448017410307851,0.0006832634835095152,-0.0007008585144560979,0.001990461996517668,True,0.9437087691542139,0.3462259711092905,False,0.9437087691542139
687,0.000537961527384397,0.0006331955186283061,-0.0007090918626108695,0.0017850149173796635,True,0.8495978122994066,0.39635835251073653,False,0.8495978122994066
688,-0.0002644204690262442,0.0007156318335569946,-0.0016738289025525193,0.0011449879645000311,True,-0.36949232360439027,0.7120723255838017,False,-0.36949232360439027
689,0.001131990049002193,0.0006031011123103935,-5.579360468800946e-05,0.0023197737026923954,True,1.8769490320880062,0.06168506577887085,False,1.8769490320880058
690,-0.0002611607378170117,0.0006533613376953574,-0.001547929906414242,0.0010256084307802185,True,-0.39971868971956687,0.6897036570165418,False,-0.39971868971956687
691,-0.00030416739647952216,0.0006208951990655798,-0.0015269957963138469,0.0009186610033548026,True,-0.4898852446230553,0.624643001839259,False,-0.4898852446230553
692,-0.0001232348088514131,0.0006293222974852892,-0.0013626600438542626,0.0011161904261514362,True,-0.1958214564204183,0.8449083531234656,False,-0.19582145642041832
693,-0.0008285088224812349,0.0006366463228838601,-0.002082358434209752,0.0004253407892472822,True,-1.3013643410807467,0.1943270078559928,False,-1.3013643410807467
694,0.0003375971011220315,0.0006728787297747113,-0.0009876107949146333,0.0016628049971586965,True,0.501720571900175,0.6163038828508947,False,0.501720571900175
695,0.0007921341011751435,0.0006240746244606472,-0.00043695605052019443,0.0020212242528704813,True,1.2692938794935633,0.20551193661915015,False,1.269293879493563
696,-0.0011588081278157021,0.0006429048548324041,-0.0024249836692976905,0.00010736741366628648,True,-1.8024566451870803,0.07267315364728284,False,-1.8024566451870805
697,0.00023644325735090155,0.0005982040590164038,-0.0009416958446461892,0.0014145823593479923,True,0.39525518723439124,0.69299027145389,False,0.3952551872343913
698,-0.0005432932537795509,0.0006573675489859366,-0.0018379524961754348,0.0007513659886163329,True,-0.8264680156750084,0.40932358732152224,False,-0.8264680156750084
699,-0.0003699145383300819,0.0006541914233219635,-0.0016583185275541035,0.0009184894508939396,True,-0.5654530541713119,0.5722707437038765,False,-0.565453054171312
700,0.0001380659591221353,0.0006690083345643426,-0.0011795193474840682,0.001455651265728339,True,0.20637404945342525,0.8366660426195299,False,0.20637404945342525
701,-1.6482652305278724e-05,0.0006421362092636054,-0.0012811443769106862,0.0012481790723001286,True,-0.025668467324371638,0.9795421703737551,False,-0.025668467324371638
702,0.00013200717339372414,0.000609395058034627,-0.0010681721560726661,0.0013321865028601146,True,0.21662002612798223,0.8286804344124896,False,0.21662002612798226
703,0.0008131537610922134,0.0006347413424664583,-0.0004369440674705893,0.002063251589655016,True,1.281078931982728,0.20134828843768107,False,1.281078931982728
704,0.0002146588832998245,0.0006569444276512069,-0.001079167038456019,0.001508484805055668,True,0.32675348821710964,0.7441266503763577,False,0.3267534882171097
705,0.00039777328152845184,0.0005945728492270874,-0.0007732142972118719,0.0015687608602687757,True,0.669006803868585,0.5041059885822481,False,0.6690068038685849
706,-0.00012194696355424388,0.000683146700525134,-0.0014673772195981714,0.0012234832924896836,True,-0.17850772529605044,0.8584682487661986,False,-0.17850772529605047
707,-0.0005593657679906746,0.0006185230736809649,-0.0017775223612260108,0.0006587908252446617,True,-0.9043571562525026,0.3666732267829363,False,-0.9043571562525025
708,0.0008870741620168632,0.0006289074189125844,-0.00035153398613791624,0.0021256823101716425,True,1.4105003937633034,0.15963006764825466,False,1.4105003937633036
709,-0.00015477494469793112,0.0006064489982266948,-0.001349152126545574,0.001039602237149712,True,-0.2552151048983598,0.7987659647900942,False,-0.2552151048983598
710,-4.8283576609716895e-05,0.0006695381922658308,-0.00136691241688509,0.0012703452636656561,True,-0.07211474590615523,0.9425680208301872,False,-0.07211474590615523
711,0.00025046685946610795,0.0006461298903500312,-0.0010220602611992337,0.0015229939801314498,True,0.38764165411140666,0.6986097575534262,False,0.3876416541114067
712,0.000711139282767712,0.0005945604668611052,-0.0004598239093952909,0.0018821024749307148,True,1.1960756262892276,0.23279570466155663,False,1.1960756262892276
713,-0.00028268336444929674,0.0005935781033103338,-0.0014517118306703802,0.0008863451017717868,True,-0.47623617325638534,0.6343204082127106,False,-0.4762361732563854
714,0.000257048164648789,0.0006324845273772974,-0.000988604956355711,0.0015027012856532892,True,0.40641020218262436,0.6847875189470437,False,0.40641020218262436
715,-0.00022366875517293894,0.0006681722429108831,-0.0015396074125213397,0.0010922699021754618,True,-0.3347471517202347,0.7380953925703088,False,-0.3347471517202347
716,-0.0003699282940148096,0.0006231963165797239,-0.001597288653271411,0.0008574320652417919,True,-0.5935983319751948,0.5533153405716459,False,-0.5935983319751948
717,0.0005172903470280328,0.0005923665033323517,-0.0006493519212251087,0.0016839326152811745,True,0.8732606319196332,0.3833557050056887,False,0.873260631919633
718,0.000326029051930297,0.0006513276602459113,-0.0009567348698152456,0.0016087929736758396,True,0.5005607343732391,0.6171189247914846,False,0.5005607343732392
719,-0.0016263513516364422,0.0006388479112805498,-0.002884536904148959,-0.0003681657991239256,False,-2.545756701898694,0.011502946312290258,True,-2.5457567018986946
720,-0.00019524850155704047,0.0006317059273250366,-0.0014393682007256981,0.001048871197611617,True,-0.30908131950545675,0.7575160732832511,False,-0.3090813195054567
721,1.1825115938312173e-05,0.0005738293794717357,-0.0011183090241442112,0.0011419592560208355,True,0.02060737278596351,0.9835752311564223,False,0.02060737278596351
722,-0.000622573660046086,0.0006660789299720874,-0.001934389620818394,0.0006892423007262219,True,-0.9346845126480363,0.3508492414187323,False,-0.9346845126480363
723,-2.688099418667848e-05,0.0006431407340370338,-0.0012935210903806146,0.0012397591020072577,True,-0.04179644168694593,0.9666941998477776,False,-0.041796441686945934
724,-0.00016224922756213528,0.0006216124789392231,-0.0013864902815793894,0.0010619918264551187,True,-0.26101346587991975,0.7942961505914117,False,-0.26101346587991975
725,-8.969800842873844e-06,0.0006273532538340101,-0.0012445170826888602,0.0012265774810031123,True,-0.014297847007337178,0.9886037153500014,False,-0.014297847007337182
726,-0.0001173679892914154,0.0006269141654235424,-0.0013520505039767501,0.0011173145253939192,True,-0.18721540485868865,0.8516429900582472,False,-0.18721540485868865
727,0.0009492435809863938,0.0006380938690823542,-0.0003074569154071275,0.002205944077379915,True,1.4876237290157721,0.13810532846210422,False,1.4876237290157721
728,-0.00037095617110545937,0.0006697801410233177,-0.0016900615198357294,0.0009481491776248106,True,-0.5538476708770391,0.5801761564826191,False,-0.5538476708770392
729,0.0004351658501535983,0.0006854468680496052,-0.0009147944943457289,0.0017851261946529254,True,0.6348644518456035,0.526095096011895,False,0.6348644518456035
730,-0.0008579824092332913,0.0006013384696158349,-0.002042294608241753,0.00032632978977517016,True,-1.4267878284610884,0.15488378384693854,False,-1.4267878284610886
731,-0.0005883633424499991,0.0006206317368243096,-0.001810672863878767,0.0006339461789787689,True,-0.9480071796852935,0.3440376152043524,False,-0.9480071796852935
732,-0.0007769749357008509,0.0006312348910511268,-0.002020166947662463,0.00046621707626076127,True,-1.230880844382729,0.21951959661061893,False,-1.2308808443827288
733,-0.0002188060230962411,0.0006173694007482282,-0.0014346905033753268,0.0009970784571828447,True,-0.35441669579194646,0.7233241965650793,False,-0.35441669579194646
734,-0.000548262143747282,0.0006389049409528486,-0.0018065600139311625,0.0007100357264365985,True,-0.858127881950038,0.391640533360701,False,-0.858127881950038
735,-0.000341311512060469,0.0006209010383291043,-0.0015641514120920618,0.0008815283879711237,True,-0.5497035614225518,0.583011485596451,False,-0.549703561422552
736,-0.00099734063290153,0.0006227729566197546,-0.0022238672015551728,0.00022918593575211254,True,-1.601451415480256,0.11053474096917945,False,-1.601451415480256
737,-0.0008048574494247557,0.0006558741830526931,-0.0020965755670104246,0.000486860668160913,True,-1.2271522042209932,0.22091513349412414,False,-1.2271522042209935
738,1.107727449973062e-05,0.0006036728532875465,-0.0011778324003052492,0.0011999869493047105,True,0.01834979731058769,0.9853743794749347,False,0.018349797310587695
739,-0.000880340377639194,0.000640076107025778,-0.002140944812823184,0.000380264057544796,True,-1.375368285077605,0.17024353698202352,False,-1.375368285077605
740,-0.00028081538756677616,0.0006829307534864875,-0.0016258203445069024,0.00106418956937335,True,-0.4111915975860829,0.6812829056263542,False,-0.4111915975860829
741,0.0006320614284743457,0.0006037547603682438,-0.0005570095590683954,0.0018211324160170867,True,1.0468843808185246,0.29615997212801043,False,1.0468843808185246
742,0.0013785529776417346,0.0006291067890548557,0.00013955217792125567,0.0026175537773622136,False,2.1912861244317776,0.029350573327145302,True,2.1912861244317776
743,-0.00012112108212915671,0.0006468505975823279,-0.00139506760702398,0.0011528254427656667,True,-0.18724738383462808,0.8516179445395202,False,-0.18724738383462808
744,0.001616762184596951,0.0006235449164050604,0.00038871527184913173,0.00284480909734477,False,2.592856010948035,0.010076795624233711,True,2.592856010948035
745,0.0011618068795963736,0.0006034470897052296,-2.6658162812477192e-05,0.0023502719220052245,True,1.9252837563006395,0.05532377775388097,False,1.9252837563006397
746,0.0007451688469797973,0.0006401238963770445,-0.0005155297074307967,0.002005867401390391,True,1.1641009673241123,0.24548840763253388,False,1.1641009673241123
747,-0.000515807723845347,0.0005806250142790381,-0.0016593255963995952,0.0006277101487089012,True,-0.8883663486076728,0.3751942471601672,False,-0.8883663486076729
748,-0.0007685315811866323,0.0006518099003685106,-0.002052245255673606,0.0005151820933003415,True,-1.1790731941201433,0.2394854763602357,False,-1.1790731941201433
749,-0.0012701349506745298,0.0006011980024892204,-0.0024541705052638914,-8.609939608516821e-05,False,-2.1126732713941503,0.03561642116353147,True,-2.1126732713941503
750,9.027481567933602e-05,0.0006411590659774833,-0.0011724624640877543,0.0013530120954464262,True,0.14079940605956642,0.8881413417803822,False,0.14079940605956642
751,0.0005909251927627637,0.0006025207975343405,-0.0005957155540567315,0.0017775659395822588,True,0.9807548472699552,0.3276580197553417,False,0.9807548472699553
752,-0.000598055880722641,0.000621436481326596,-0.0018219503144417395,0.0006258385529964575,True,-0.9623765238982367,0.3367867109072764,False,-0.9623765238982367
753,-0.00020734824901572058,0.0006002992727050491,-0.0013896137910401347,0.0009749172930086935,True,-0.3454081296506901,0.7300768620610472,False,-0.3454081296506901
754,0.00016240119010361393,0.000566896275833647,-0.000954078478112468,0.001278880858319696,True,0.28647425821380723,0.774751223250947,False,0.2864742582138073
755,0.0005219344559638182,0.0006527632717502056,-0.0007636568455411781,0.0018075257574688146,True,0.7995769347812633,0.42471198605961863,False,0.7995769347812632
756,-0.0005614861517726291,0.0006483159428085838,-0.0018383186158097166,0.0007153463122644584,True,-0.8660687092472267,0.38727956790064016,False,-0.8660687092472268
757,-0.0009829625803053524,0.0006217115832660983,-0.002207398816352733,0.00024147365574202825,True,-1.5810588169219215,0.1151238655596026,False,-1.5810588169219217
758,0.0009111948705145708,0.000610336624867483,-0.00029083883738040305,0.0021132285784095446,True,1.4929382137478817,0.1367092588783364,False,1.4929382137478815
759,-0.0005266373609901317,0.0006419982965765616,-0.0017910274720435763,0.0007377527500633129,True,-0.820309592406103,0.41281796964216516,False,-0.8203095924061031
760,-0.0013836555534969654,0.0006301308478181568,-0.002624673196222107,-0.000142637910771824,False,-2.195822595081491,0.029020090317608944,True,-2.1958225950814914
761,0.00047880401378440563,0.0006461705412823452,-0.000793803167275328,0.0017514111948441393,True,0.7409870664085126,0.45939393456822525,False,0.7409870664085126
762,0.0005235278134303304,0.0006388028016457637,-0.0007345688974506103,0.0017816245243112711,True,0.8195452682448363,0.41325289571483004,False,0.8195452682448364
763,-0.00010960849812940526,0.0006425231459482756,-0.0013750322791457245,0.001155815282886914,True,-0.170590738747066,0.8646830097063183,False,-0.170590738747066
764,-0.0014947040660684807,0.0006067252476289296,-0.00268962531012662,-0.0002997828220103415,False,-2.4635600247554468,0.014428007594984606,True,-2.4635600247554468
765,-0.0002941249139829589,0.0006595424845108151,-0.0015930676053918687,0.0010048177774259507,True,-0.44595294600485413,0.656015674723268,False,-0.4459529460048542
766,0.0001001576507152144,0.0006672015989910239,-0.0012138693620382262,0.001414184663468655,True,0.15011602320299872,0.8807936368994582,False,0.15011602320299874
767,-0.0012149501325978225,0.0006385412004290052,-0.0024725316302869637,4.263136509131873e-05,True,-1.9026965398341655,0.05822452015800197,False,-1.9026965398341655
768,-0.0009071400085360889,0.0006534481219152783,-0.002194080095202804,0.0003798000781306262,True,-1.3882356963200555,0.1662961566011829,False,-1.3882356963200557
769,0.00038410867324375597,0.0006590037350333589,-0.0009137729724968657,0.0016819903189843775,True,0.58286266499584,0.5605090276401734,False,0.58286266499584
770,0.0004575263649522683,0.0006429215015857861,-0.0008086819616484188,0.0017237346915529553,True,0.7116364343450408,0.47735080095753213,False,0.7116364343450408
771,-0.00046104461651781767,0.0005713402179137764,-0.0015862764519128038,0.0006641872188771686,True,-0.8069528488670057,0.4204576244458536,False,-0.8069528488670057
772,0.0002112788953258996,0.00058255352606011,-0.0009360371044789034,0.0013585948951307027,True,0.36267722342152475,0.7171512203691096,False,0.3626772234215248
773,0.0005500877368462406,0.0005933629624349455,-0.0006185170179775154,0.0017186924916699966,True,0.9270678685249931,0.3547818616921,False,0.9270678685249932
774,0.0009221068186036497,0.0006589021905586066,-0.0003755748393326531,0.0022197884765399528,True,1.399459330711744,0.16290992094636425,False,1.3994593307117442
775,0.001308002652417812,0.0006062685681912676,0.00011398082034873953,0.0025020244844868845,False,2.1574640696285594,0.03191876905339419,True,2.1574640696285594
776,0.00024150785164913591,0.0006212975884495358,-0.0009821130380727476,0.0014651287413710195,True,0.38871525680926106,0.6978163245163456,False,0.38871525680926106
777,9.096150601992617e-05,0.0006062846013944299,-0.0011030919028050896,0.001285014914844942,True,0.15003103461760103,0.8808606189179257,False,0.15003103461760106
778,0.00019502321605969876,0.000574439304578849,-0.0009363121472628697,0.0013263585793822671,True,0.33950186643770897,0.7345155868151371,False,0.3395018664377089
779,0.0003911088607005978,0.0006679074689983224,-0.0009243083349578078,0.0017065260563590035,True,0.5855734197540171,0.5586883283349338,False,0.5855734197540171
780,0.0005327165474974644,0.000665079823038083,-0.0007771317119055776,0.0018425648069005064,True,0.8009813695204532,0.42389997569608245,False,0.8009813695204532
781,0.00020781136069884142,0.000602964740438718,-0.000979703714013984,0.001395326435411667,True,0.34464927509299725,0.7306466574738543,False,0.34464927509299725
782,0.0009051220674619479,0.0006552130557775816,-0.0003852939862502554,0.002195538121174151,True,1.3814164102511417,0.1683794217712761,False,1.3814164102511417
783,0.00011900941457439532,0.0006441552525096093,-0.0011496287354010632,0.0013876475645498536,True,0.1847526882855309,0.8535722079570017,False,0.1847526882855309
784,0.00041069879891298837,0.0006468803088550099,-0.0008633062411516821,0.001684703838977659,True,0.6348914834645885,0.5260774934538971,False,0.6348914834645883
785,-0.0010101322499109445,0.0006512351053890216,-0.002292713888547007,0.00027244938872511754,True,-1.5511022694446612,0.12213711565038435,False,-1.5511022694446612
786,0.0007334943693069616,0.0006380158393196004,-0.0005230524505722763,0.0019900411891861994,True,1.1496491530510944,0.25138264079000977,False,1.1496491530510944
787,-0.00011374609692977037,0.0006053111208673687,-0.0013058822745747613,0.0010783900807152208,True,-0.187913443200548,0.8510963297520242,False,-0.18791344320054804
788,-0.00022356507710459358,0.0006388205385644321,-0.0014816967201414053,0.0010345665659322182,True,-0.3499653871602072,0.7266581508208568,False,-0.3499653871602072
789,-0.000742150226985489,0.000641441794832568,-0.002005444329987757,0.0005211438760167793,True,-1.1570032276727593,0.24837095306603285,False,-1.157003227672759
790,0.0003376227197714122,0.0006305532939456336,-0.0009042269137999395,0.001579472353342764,True,0.5354388328681414,0.5928205317486117,False,0.5354388328681415
791,-0.0008990457746509513,0.0006326499318174786,-0.0021450246531217946,0.00034693310381989214,True,-1.4210793828241948,0.15653484361584416,False,-1.4210793828241945
792,-0.0009178643906491857,0.0006167471622067227,-0.00213252339686893,0.0002967946155705587,True,-1.48823447742356,0.13794433016113264,False,-1.4882344774235603
793,0.00041946124021425977,0.0006083461582226235,-0.0007786523227900463,0.001617574803218566,True,0.6895107901063762,0.4911388308518132,False,0.6895107901063763
794,-0.0006375969167404543,0.0006324489914525045,-0.001883180051154437,0.0006079862176735284,True,-1.0081396687440785,0.31435828376756053,False,-1.0081396687440785
795,-0.0005033550863447983,0.0006277390276361855,-0.0017396621343508743,0.0007329519616612777,True,-0.8018540574739035,0.4233958690340331,False,-0.8018540574739036
796,0.0006374567849814046,0.0006351938929928939,-0.0006135323238440224,0.0018884458938068318,True,1.0035625216386266,0.3165560154620958,False,1.0035625216386268
797,-4.001172172964572e-05,0.0006426429301058307,-0.0013056714128801214,0.0012256479694208301,True,-0.062261202691604456,0.9504043743565072,False,-0.062261202691604456
798,-5.716495933001623e-06,0.0007072592880062088,-0.0013986355339963787,0.0013872025421303752,True,-0.008082602844448524,0.9935575064813187,False,-0.008082602844448524
799,-0.0005036151848028703,0.0006347198087690528,-0.0017536706036050877,0.0007464402339993472,True,-0.7934448836244121,0.4282680865361165,False,-0.7934448836244122
800,0.0001576962839395186,0.0006586066825869225,-0.0011394033827997246,0.0014547959506787617,True,0.23943924061035615,0.8109604106038298,False,0.23943924061035615
801,2.7262682806759644e-05,0.0006249926770191199,-0.001203635536888992,0.0012581609025025112,True,0.043620803585712443,0.9652413498645208,False,0.043620803585712443
802,0.00039115598385330787,0.0006418892576154278,-0.000873019379302966,0.0016553313470095818,True,0.6093823493890894,0.5428222326311057,False,0.6093823493890894
803,0.0010568292995875258,0.0006564521794161162,-0.0002360271588473851,0.0023496857580224367,True,1.6099105658046966,0.10867427615920898,False,1.6099105658046966
804,-0.0008316943542817359,0.0006099823714837633,-0.002033030374227114,0.00036964166566364224,True,-1.3634727709567491,0.17395522416338538,False,-1.3634727709567493
805,0.0002828189303334455,0.0006708367327532268,-0.0010383673337852949,0.0016040051944521858,True,0.4215913001256043,0.6736841853017679,False,0.42159130012560436
806,-0.0007811905446709451,0.0006237040435154226,-0.0020095508519336956,0.00044716976259180543,True,-1.2525019723583504,0.2115527269829146,False,-1.2525019723583504
807,-3.128540110841879e-05,0.0006219160185498309,-0.001256124264316152,0.0011935534620993143,True,-0.050304864604338945,0.9599194552708914,False,-0.05030486460433894
808,0.0003107902850746794,0.0006171223933134529,-0.0009046077238857877,0.0015261882940351464,True,0.5036120685979073,0.6149757093460927,False,0.5036120685979074
809,0.00012672522059970222,0.0006778949533070442,-0.0012083619281747602,0.0014618123693741646,True,0.18693931852049586,0.8518592235502632,False,0.1869393185204959
810,-0.0005429424750811805,0.0006184200589373268,-0.0017608961848761037,0.0006750112347137426,True,-0.8779509448871298,0.3808099472971165,False,-0.8779509448871297
811,0.0006018046307979316,0.0006406520115662555,-0.0006599340254732066,0.00186354328706907,True,0.9393627428510676,0.34844761582622663,False,0.9393627428510677
812,0.0004095691679512932,0.0005802229938025564,-0.0007331569412639944,0.001552295277166581,True,0.7058823457980107,0.4809159433628013,False,0.7058823457980107
813,0.00042870622963182137,0.0006408916607678962,-0.0008335044062104345,0.0016909168654740774,True,0.668921528980669,0.5041602951236013,False,0.6689215289806689
814,0.001335426787217923,0.0005977166258254498,0.0001582476655038452,0.002512605908932001,False,2.2342138891881946,0.026349997541320433,True,2.234213889188194
815,-1.717221267482867e-05,0.0006912701809203298,-0.0013786013402637327,0.0013442569149140753,True,-0.02484153540655589,0.9802010987184031,False,-0.02484153540655589
816,-0.00011814079119459471,0.0006342626777291236,-0.0013672959085950418,0.0011310143262058523,True,-0.18626476906631015,0.8523875843040353,False,-0.18626476906631018
817,-0.000684817162396705,0.00064252912661856,-0.0019502527221052818,0.0005806183973118716,True,-1.0658149709114269,0.28753143546727294,False,-1.0658149709114266
818,-0.0002906153618060192,0.0006402701663596446,-0.0015516019891297808,0.0009703712655177425,True,-0.45389489792778887,0.6502966885089493,False,-0.4538948979277888
819,-0.00018956508837908537,0.0006120060325263551,-0.001394886628261232,0.0010157564515030613,True,-0.3097438232701114,0.7570127718599858,False,-0.3097438232701114
820,-0.0009753847019975591,0.000590405450523806,-0.002138164754740783,0.00018739535074566475,True,-1.6520591080793723,0.09977289241792847,False,-1.6520591080793725
821,0.00014554796264687746,0.0006030016733253287,-0.0010420398499172041,0.0013331357752109593,True,0.2413724025743326,0.8094635646404165,False,0.24137240257433262
822,-0.0005335291515848107,0.0005814060491237644,-0.001678585241201824,0.0006115269380322025,True,-0.9176532517831403,0.3596813387372495,False,-0.9176532517831404
823,-8.72018770946249e-05,0.0005637590036327833,-0.0011975028124891283,0.0010230990582998786,True,-0.15467935151848278,0.8771984147572058,False,-0.15467935151848278
824,-0.0009142281351682187,0.0006612059975385537,-0.00221644704932273,0.0003879907789862922,True,-1.3826676384841954,0.16799570738838693,False,-1.3826676384841954
825,-0.00041055398816533984,0.0005918278682569722,-0.0015761354360605336,0.0007550274597298539,True,-0.693705062207508,0.4885086648373763,False,-0.693705062207508
826,1.3557115982196069e-05,0.0006346291743175639,-0.0012363198018725977,0.0012634340338369898,True,0.02136226402887079,0.9829736477188383,False,0.021362264028870797
827,-6.398019122086255e-06,0.0007014306560859181,-0.001387837798439319,0.0013750417601951467,True,-0.009121385081439273,0.9927295340780296,False,-0.009121385081439275
828,-0.0008757171448434495,0.0006401364241451194,-0.002136440372195003,0.0003850060825081041,True,-1.3680164287057097,0.1725303793217342,False,-1.3680164287057095
829,-0.00042947536248092165,0.0006505211849093356,-0.001710650963126841,0.0008517002381649976,True,-0.6602019618173979,0.509729622949332,False,-0.6602019618173979
830,-0.000715489981129106,0.0006524910582029502,-0.0020005451688794714,0.0005695652066212591,True,-1.096551396581071,0.27388848224107515,False,-1.0965513965810711
831,-0.0003831401591684794,0.0006048518160591185,-0.0015743717542614486,0.0008080914359244899,True,-0.6334446702413986,0.5270200605234171,False,-0.6334446702413986
832,0.0004640818272380771,0.0006013935806859794,-0.0007203389108311137,0.001648502565307268,True,0.7716773875582814,0.4410314197507802,False,0.7716773875582814
833,-0.00018278857367596727,0.000677954328506077,-0.0015179926595434085,0.0011524155121914739,True,-0.2696178282079201,0.7876758047245008,False,-0.2696178282079201
834,0.0002566735943380827,0.000651204136366043,-0.0010258470520389468,0.0015391942407151121,True,0.39415227883903686,0.6938032762085683,False,0.39415227883903686
835,8.57624521010708e-05,0.0006287677403808115,-0.001152570604740785,0.0013240955089429266,True,0.13639766577262533,0.8916162537551493,False,0.13639766577262535
836,0.0006034296979902242,0.0006197379828576545,-0.0006171196105482922,0.0018239790065287405,True,0.9736851938746245,0.33115028936595975,False,0.9736851938746248
837,-0.00045478157960679807,0.0006352786865057752,-0.0017059376858833716,0.0007963745266697754,True,-0.7158772823124828,0.47473257904065247,False,-0.7158772823124828
838,0.0004291032404837439,0.0006318292126660334,-0.0008152592642606067,0.0016734657452280946,True,0.6791443508493732,0.49767216829913746,False,0.6791443508493732
839,0.0008632701682162032,0.0006304459041780884,-0.00037836796547915756,0.002104908301911564,True,1.3693009384233332,0.17212916658014996,False,1.3693009384233332
840,0.00038171200036317665,0.0006434421869689737,-0.0008855217953905952,0.0016489457961169486,True,0.5932343388320332,0.5535584954485355,False,0.5932343388320332
841,-0.0004779413671667157,0.0005604937793907507,-0.0015818115732835667,0.0006259288389501354,True,-0.8527148466950544,0.3946303922256246,False,-0.8527148466950545
842,-0.0001794219646798216,0.0006157323653208288,-0.0013920823687940868,0.0010332384394344436,True,-0.2913960265615294,0.7709891187799685,False,-0.29139602656152946
843,-0.0007065419991068288,0.0005713929933554644,-0.0018318777736351937,0.0004187937754215361,True,-1.2365254865267277,0.2174190792711198,False,-1.2365254865267277
844,0.0002848081069765279,0.0006308557997437114,-0.000957637299732643,0.0015272535136856987,True,0.4514630872732449,0.65204565173898,False,0.4514630872732449
845,-0.0007588251506102353,0.0006431695680153238,-0.002025522034177606,0.0005078717329571358,True,-1.1798212918434536,0.23918829123889934,False,-1.1798212918434539
846,-0.0007471506945386392,0.0006318249397921514,-0.0019915047840278234,0.0004972033949505449,True,-1.1825280192080199,0.23811521841634822,False,-1.1825280192080199
847,-0.0009154942745188239,0.0006137447841625522,-0.002124240216593482,0.00029325166755583463,True,-1.4916530423439858,0.13704585403686445,False,-1.4916530423439858
848,-7.906840757244725e-05,0.0006749625754531269,-0.0014083803547924253,0.001250243539647531,True,-0.1171448765427709,0.9068389287658697,False,-0.11714487654277092
849,-0.0004521375780223984,0.0006162139272192669,-0.001665746399142584,0.0007614712430977872,True,-0.7337347600414015,0.46379520279912767,False,-0.7337347600414016
850,0.0007104123309164901,0.0006305268441222147,-0.0005313852107796211,0.0019522098726126012,True,1.1266964087873017,0.2609468698122937,False,1.1266964087873017
851,-0.0007722576982204276,0.0006115568400216124,-0.0019766945713301162,0.0004321791748892608,True,-1.262773380464743,0.20784249832402535,False,-1.2627733804647432
852,-0.00040286974768210035,0.0006385597762980667,-0.0016604878298065444,0.0008547483344423436,True,-0.6309037346787859,0.5286775202526813,False,-0.630903734678786
853,-0.00031611431616709065,0.0005960751521952604,-0.0014900606208524724,0.000857831988518291,True,-0.5303262768174221,0.5963545811049212,False,-0.5303262768174222
854,0.0010202013622309196,0.0006154037544047581,-0.00019181185575391246,0.002232214580215752,True,1.6577756552975484,0.09861199301649506,False,1.6577756552975484
855,-0.001079788770628062,0.000629534310089936,-0.0023196315560234334,0.00016005401476730952,True,-1.7152183023571854,0.08753933554040058,False,-1.7152183023571854
856,-0.0007290061297532618,0.0006502362832463973,-0.0020096206279053537,0.0005516083683988303,True,-1.1211403431897013,0.2632996105825703,False,-1.1211403431897013
857,0.0008517679921109708,0.0006605230219274614,-0.00044910582874132935,0.0021526418129632708,True,1.2895356616419522,0.1983989053202543,False,1.2895356616419524
858,0.0008414577725767208,0.0006030376761731287,-0.00034620094616416987,0.0020291164913176117,True,1.3953651750527492,0.1641390390188551,False,1.3953651750527492
859,-2.2652012598731682e-05,0.0006073517070004496,-0.0012188070434730515,0.001173503018275588,True,-0.03729636771847405,0.970278346992764,False,-0.03729636771847405
860,0.00016373847521883607,0.0005535369931902458,-0.000926430617166816,0.0012539075676044882,True,0.2958040333946761,0.7676243146974411,False,0.2958040333946761
861,0.0009854370066315803,0.000597765472406101,-0.00019183831648032583,0.0021627123297434867,True,1.6485345041175423,0.10049410637904596,False,1.6485345041175423
862,1.2338896689310005e-05,0.0006230316288713705,-0.0012146971166757767,0.0012393749100543968,True,0.019804607210170164,0.9842149766229984,False,0.01980460721017016
863,-0.0006620950746223054,0.0006705553583446544,-0.0019827271830344037,0.0006585370337897926,True,-0.9873831688658277,0.32440568020586485,False,-0.9873831688658277
864,-0.0002787501686009005,0.0006082056103313496,-0.0014765869281233223,0.0009190865909215213,True,-0.4583156811872186,0.6471222152809786,False,-0.4583156811872186
865,0.0006821100212726956,0.0006352483245088166,-0.0005689862882584487,0.0019332063308038399,True,1.0737690993519946,0.28395737394625614,False,1.0737690993519946
866,0.00011566710623135786,0.0006416179974235449,-0.0011479740207657736,0.0013793082332284891,True,0.1802740987563098,0.8570828507978838,False,0.1802740987563098
867,-0.0008367066771288187,0.0006019431157282011,-0.002022209702607131,0.00034879634834949374,True,-1.3900095461954276,0.1657574613171937,False,-1.3900095461954278
868,-2.0550162737937558e-05,0.0006383261105525764,-0.0012777080494701736,0.0012366077239942986,True,-0.0321938307053553,0.9743430610646514,False,-0.0321938307053553
869,-0.0011166210461985473,0.000632599185556135,-0.002362499981925994,0.00012925788952889935,True,-1.7651319693320435,0.07875758254395318,False,-1.7651319693320435
870,-0.0005818716510410016,0.00068835167435037,-0.001937552896017476,0.0007738095939354729,True,-0.8453115939467154,0.39874195187432754,False,-0.8453115939467155
871,-0.0003249261650034115,0.0006339923516550243,-0.0015735488859525382,0.0009236965559457154,True,-0.5125080202548158,0.608746207448786,False,-0.5125080202548158
872,7.762647285754228e-05,0.0006478940857879886,-0.0011983751605559075,0.0013536281062709922,True,0.11981352285864841,0.9047267135538254,False,0.11981352285864842
873,-0.0009229937934580811,0.0006551238212164909,-0.0022132341032513225,0.0003672465163351603,True,-1.408884494146749,0.16010692297518467,False,-1.4088844941467489
874,-0.00076936118152507,0.0006455883692881941,-0.0020408217979969194,0.0005020994349467791,True,-1.1917209449937025,0.23449625592352596,False,-1.1917209449937023
875,-0.0006942347406759452,0.0005764315844500101,-0.0018294938199662656,0.0004410243386143752,True,-1.2043662412050764,0.22958249438723913,False,-1.2043662412050764
876,0.0005248480509022346,0.00055667714179695,-0.000571505439271896,0.0016212015410763652,True,0.9428230683372928,0.34667799449431186,False,0.9428230683372928
877,0.00011147016615257057,0.0006291567561745281,-0.001127629041822772,0.0013505693741279134,True,0.17717391581446948,0.859514670007233,False,0.1771739158144695
878,0.0005224027417774944,0.0006527338302247185,-0.0007631305758140261,0.001807936059369015,True,0.8003304219694654,0.4242762242665136,False,0.8003304219694655
879,-0.000517328817905661,0.0006370274506514432,-0.0017719290456139239,0.0007372714098026019,True,-0.8120981558591001,0.41750482173322323,False,-0.8120981558591002
880,2.8690305748429878e-05,0.0006409307683587875,-0.0012335973509386689,0.0012909779624355286,True,0.04476350202674198,0.9643314086320698,False,0.04476350202674198
881,-0.00021737323602606263,0.0006623631254604706,-0.0015218710676005998,0.0010871245955484743,True,-0.3281783476019232,0.7430504177773518,False,-0.32817834760192327
882,0.00021635108594789948,0.0006995538264795351,-0.0011613923521062845,0.0015940945240020834,True,0.30927010582827347,0.7573726425321826,False,0.30927010582827347
883,2.401503143097086e-05,0.0006484494564409547,-0.0012530803823948633,0.0013011104452568052,True,0.03703454632035391,0.9704868976205139,False,0.03703454632035392
884,-0.0009811707657001337,0.0006391394660640279,-0.0022399305237627678,0.00027758899236250017,True,-1.535143451150678,0.12600812700883077,False,-1.5351434511506783
885,0.0006812097537254566,0.0006470918654380623,-0.0005932119386153433,0.0019556314460662566,True,1.052724953147568,0.29347944810587784,False,1.052724953147568
886,0.0002895392415006389,0.0006286472621001082,-0.0009485565381591274,0.001527635021160405,True,0.46057504574724695,0.6455022980011883,False,0.4605750457472469
887,-0.00033363690004442707,0.0006059374282245465,-0.001527006565119398,0.0008597327650305439,True,-0.5506127935057824,0.5823888480395479,False,-0.5506127935057824
888,0.000851793182347327,0.0006215419953412899,-0.0003723090570271259,0.00207589542172178,True,1.3704515362306382,0.17177037740839,False,1.3704515362306384
889,-0.0007777871335259888,0.0006153165347332468,-0.001989628575836748,0.0004340543087847701,True,-1.2640439344981629,0.20738686987532573,False,-1.2640439344981629
890,0.00020277275553482678,0.0006588351597042561,-0.0010947768877998358,0.0015003223988694892,True,0.3077746421818915,0.7585090537659235,False,0.30777464218189154
891,-0.00040636967237862425,0.0006347001863096387,-0.0016563864455274653,0.0008436471007702167,True,-0.6402545345722911,0.5225911599705687,False,-0.6402545345722912
892,-0.0008874962396802306,0.0006222559651759583,-0.002113004614247501,0.00033801213488703975,True,-1.4262558968466763,0.15503707059303637,False,-1.4262558968466765
893,-0.0010628099250281238,0.0006346327826681628,-0.0023126939493859078,0.00018707409932966035,True,-1.6746848792774176,0.09524152285305662,False,-1.6746848792774176
894,0.00022794381128552493,0.0006212990124123262,-0.0009956798828744395,0.0014515675054454892,True,0.3668826229104797,0.7140156793869851,False,0.3668826229104797
895,4.4555808837804245e-05,0.0006498877534007276,-0.0012353722736452408,0.0013244838913208492,True,0.0685592375062508,0.9453950508393058,False,0.06855923750625081
896,-0.0010101388642001405,0.000647440900321384,-0.0022852479668615563,0.00026497023846127525,True,-1.5602024272774804,0.11997198536316657,False,-1.5602024272774806
897,8.787584212148277e-05,0.000630570114855576,-0.0011540069195629863,0.001329758603805952,True,0.13935935124614907,0.8892779446873764,False,0.13935935124614904
898,8.56571147682456e-05,0.0006579273220201369,-0.0012101045783547686,0.0013814188078912597,True,0.13019236608876372,0.8965185117216108,False,0.13019236608876372
899,-4.766372328116492e-05,0.0005949555384223275,-0.0012194049931709026,0.0011240775466085729,True,-0.08011308442906025,0.9362111538797,False,-0.08011308442906025
900,0.00040851117865644827,0.0006111344298065499,-0.0007950937743351012,0.0016121161316479977,True,0.6684473312782582,0.5044623402712659,False,0.6684473312782582
901,-0.000570507646467176,0.0006563586400129144,-0.0018631798827678028,0.0007221645898334508,True,-0.8692010917323352,0.38556754228644774,False,-0.8692010917323351
902,0.0007091110617930293,0.0006287438379016121,-0.0005291749200667112,0.0019473970436527698,True,1.1278218871450685,0.260472068017538,False,1.1278218871450687
903,-0.00014335990775203914,0.0006440521632186084,-0.0014117950274690184,0.00112507521196494,True,-0.22259052284772615,0.8240352347257361,False,-0.22259052284772618
904,0.0005207560522536637,0.0005873413257154313,-0.0006359893285482142,0.0016775014330555416,True,0.8866327456514981,0.3761253708285094,False,0.8866327456514981
905,9.462651852682796e-05,0.000655505275977225,-0.0011963650512461647,0.0013856180882998207,True,0.14435660855018909,0.8853347181426554,False,0.1443566085501891
906,-0.00032120717318006865,0.0006066204330865871,-0.0015159219891658293,0.0008735076428056921,True,-0.5295027263518184,0.5969247611425887,False,-0.5295027263518184
907,0.001342910227307358,0.0006573708771214001,4.824443028104779e-05,0.002637576024333668,False,2.0428501992481114,0.042111967674436035,True,2.042850199248111
908,0.0005860515353386516,0.0006363208820200059,-0.000667157133552191,0.0018392602042294943,True,0.921000004711815,0.3579347727977147,False,0.921000004711815
909,-0.0006450725229511904,0.0006147405511539133,-0.0018557795885109176,0.0005656345426085368,True,-1.0493410947762298,0.2950304641642965,False,-1.0493410947762298
910,0.00103289072381698,0.0006714561740259114,-0.000289515505251414,0.0023552969528853737,True,1.5382846472674192,0.12523868564889074,False,1.5382846472674192
911,0.00031069666697316155,0.0006471496359026421,-0.0009638388019999365,0.0015852321359462597,True,0.48010019589952,0.6315742709228263,False,0.4801001958995201
912,0.0005218885458862796,0.0006391501727590116,-0.0007368922985862896,0.001780669390358849,True,0.8165350932057951,0.41496843904053793,False,0.8165350932057952
913,0.0007045317594634075,0.0006423874713722406,-0.0005606248158715654,0.0019696883347983807,True,1.096739570524962,0.27380635171521406,False,1.096739570524962
914,-4.9686497100924936e-05,0.0006092953888911655,-0.0012496695321533862,0.0011502965379515365,True,-0.08154746943243338,0.9350715633679356,False,-0.08154746943243339
915,0.0005417688221335876,0.0006564267326709636,-0.000751037519948833,0.0018345751642160082,True,0.8253302237237667,0.4099678511788799,False,0.8253302237237667
916,-0.0010445473852427843,0.000628557117123904,-0.0022824656279572322,0.00019337085747166355,True,-1.6618177676872579,0.09779769983394633,False,-1.6618177676872576
917,-0.0007301959248896265,0.0005833117344287681,-0.0018790051859204505,0.00041861333614119764,True,-1.2518107930825373,0.2118041127918463,False,-1.251810793082537
918,0.00025366560427030673,0.0006856145817593276,-0.001096625045709879,0.0016039562542504923,True,0.36998280231932307,0.7117072925200655,False,0.3699828023193231
919,-0.0002033521905331296,0.0005743429247261435,-0.001334497737569089,0.0009277933565028298,True,-0.35406058258677314,0.7235907259675888,False,-0.3540605825867732
920,-0.0003367267411847218,0.0006746672927227889,-0.0016654571408115132,0.0009920036584420697,True,-0.49910043782584546,0.6181457805710248,False,-0.49910043782584546
921,0.0003574139947166911,0.0005982786878508392,-0.0008208720858016241,0.0015357000752350065,True,0.5974038553848676,0.5507763306040061,False,0.5974038553848676
922,-0.0004417859762437374,0.0006671729988260105,-0.001755756662109692,0.0008721847096222171,True,-0.6621760428271605,0.5084659151359361,False,-0.6621760428271605
923,-0.0005408732243242187,0.0006303914880258686,-0.0017824041875720638,0.0007006577389236265,True,-0.8579957607264258,0.391713344707443,False,-0.8579957607264258
924,-0.00020577989915044148,0.0006770045989629696,-0.0015391135304561126,0.0011275537321552296,True,-0.30395642727634864,0.7614129129881945,False,-0.3039564272763487
925,-6.0342158664284286e-05,0.0006289975611659357,-0.0012991278384018316,0.001178443521073263,True,-0.09593385155966516,0.9236496579285788,False,-0.09593385155966516
926,-0.0002493987546326483,0.000604288915312877,-0.0014395217390940197,0.0009407242298287231,True,-0.41271442899712885,0.6801681647146129,False,-0.4127144289971288
927,-0.0005952532496185734,0.0005970753498837231,-0.0017711694038707445,0.0005806629046335977,True,-0.9969482909225703,0.31974973428149606,False,-0.9969482909225704
928,1.69673046855749e-05,0.0006283505289644261,-0.001220544070865366,0.0012544786802365156,True,0.027002928944037694,0.9784788543776992,False,0.027002928944037694
929,-0.0003377110054319338,0.0006806741082435667,-0.001678271589319172,0.0010028495784553044,True,-0.49614198827596667,0.6202284120986092,False,-0.4961419882759667
930,-0.00105608829775886,0.0006053877846310825,-0.0022483754616373546,0.0001361988661196347,True,-1.7444823377175178,0.08229905961358731,False,-1.7444823377175178
931,-0.0004928968297311219,0.0006114295345478702,-0.001697082979773567,0.0007112893203113233,True,-0.8061384049686136,0.42092614821436586,False,-0.8061384049686134
932,0.0004943770156531223,0.0006333825335000351,-0.0007530446926939138,0.0017417987240001584,True,0.7805346524496398,0.4358117118890683,False,0.7805346524496398
933,-0.0011877381346639265,0.0006045590005688394,-0.002378393041294876,2.9167719670228007e-06,True,-1.9646355997452096,0.05055957450194638,False,-1.9646355997452096
934,-0.00016349765765202558,0.0005769360265611757,-0.0012997502156172239,0.0009727549003131727,True,-0.28338957895653105,0.7771118135568125,False,-0.28338957895653105
935,0.0001028280640187797,0.0006413824057227399,-0.0011603490744937519,0.0013660052025313114,True,0.1603225518837053,0.8727559444126336,False,0.16032255188370528
936,-0.0005045409544931246,0.0005913925271371825,-0.001669265015367617,0.0006601831063813677,True,-0.8531405645849303,0.39439474739297303,False,-0.8531405645849303
937,0.000296046981919239,0.0006322459955746608,-0.0009491363601870403,0.0015412303240255182,True,0.4682465116289998,0.6400146673108013,False,0.46824651162899983
938,0.0003535449016156825,0.0006137497029407506,-0.0008552107277970041,0.0015623005310283693,True,0.576040851705003,0.5651037037995964,False,0.5760408517050031
939,-0.0007266334537867542,0.0006588175181209216,-0.002024148352724694,0.0005708814451511857,True,-1.1029358415654416,0.2711113791068248,False,-1.1029358415654418
940,3.600680351174018e-05,0.0006383377636229041,-0.0012211740334790314,0.0012931876405025116,True,0.05640713359551619,0.955062349916698,False,0.05640713359551618
941,7.365222253126583e-05,0.0006078758457954846,-0.0011235350788534207,0.0012708395239159522,True,0.12116326555940435,0.903658658693926,False,0.12116326555940435
942,-0.0006882993878508899,0.000669975419283345,-0.0020077893293475252,0.0006311905536457454,True,-1.0273502102318106,0.3052446029819636,False,-1.0273502102318106
943,-0.00014831630580123298,0.0006485344517639426,-0.001425579114535192,0.001128946502932726,True,-0.22869456726289386,0.8192925346215557,False,-0.22869456726289386
944,0.00020697941186787212,0.0006464345241008995,-0.0010661476728536748,0.0014801064965894192,True,0.32018619697911666,0.7490935638707972,False,0.32018619697911666
945,-0.00035942131170229317,0.0006080831989699807,-0.0015570169869171388,0.0008381743635125523,True,-0.5910725905782453,0.5550036716528522,False,-0.5910725905782453
946,0.0010523193759544279,0.0006133024364934093,-0.00015555537997924808,0.002260194131888104,True,1.7158245481154817,0.08742809190254851,False,1.7158245481154817
947,-7.648806972202082e-05,0.0006851875455920837,-0.0014259376889552333,0.0012729615495111915,True,-0.11163085233244571,0.9112053245125893,False,-0.11163085233244571
948,-7.327227433151611e-05,0.000627275136648811,-0.00130866570748819,0.0011621211588251578,True,-0.11681042344985952,0.9071036931495091,False,-0.11681042344985951
949,0.0002845994442024646,0.0005527710947888556,-0.0008040612417435545,0.0013732601301484838,True,0.5148594904572105,0.6071042950594476,False,0.5148594904572105
950,-4.1226908519046054e-05,0.0006625082108538659,-0.0013460104800054264,0.0012635566629673341,True,-0.06222852463354566,0.9504303711074069,False,-0.06222852463354566
951,-0.0006292318382016927,0.0006497874812999501,-0.0019089624387703561,0.0006504987623669707,True,-0.9683655907664852,0.3337939766908583,False,-0.9683655907664853
952,-0.0005321183561259865,0.00061498268032668,-0.0017433022854613286,0.0006790655732093555,True,-0.8652574668335768,0.38772371726585164,False,-0.8652574668335768
953,0.00012969253792228486,0.0006117200574977768,-0.0010750657855150972,0.001334450861359667,True,0.21201289108091115,0.8322690368251986,False,0.21201289108091115
954,-0.0007956262957120668,0.0006436365218382566,-0.0020632428262616544,0.0004719902348375208,True,-1.2361422459989067,0.21756123125016147,False,-1.2361422459989067
955,-0.0001695083644978616,0.0006211441533868503,-0.0013928270699663245,0.0010538103409706012,True,-0.2728969814391722,0.7851567946570593,False,-0.2728969814391722
956,-0.0001537764991622893,0.0006409533774959095,-0.0014161086836457218,0.0011085556853211434,True,-0.23991838495814882,0.8105893444243267,False,-0.23991838495814882
957,-0.0006474518193368074,0.0006140581512317627,-0.0018568149253907979,0.000561911286717183,True,-1.0543819311543363,0.292721971038058,False,-1.0543819311543363
958,0.0003933179514694805,0.0005868012893630518,-0.0007623638492151306,0.0015489997521540915,True,0.6702745181361319,0.5032990225054613,False,0.670274518136132
959,0.0002962654279649738,0.0005819502341199397,-0.0008498624123582589,0.0014423932682882065,True,0.5090906586076114,0.6111359159042384,False,0.5090906586076115
960,0.0019326394958236735,0.0006344344525809137,0.0006831460746845883,0.0031821329169627586,False,3.0462398250309253,0.002564385379038825,True,3.0462398250309253
961,-0.0005826903671622992,0.0006313345581631295,-0.0018260786695369628,0.0006606979352123645,True,-0.9229502165343826,0.3569194981387382,False,-0.9229502165343826
962,-0.0016313444615270855,0.0005744867988187134,-0.0027627733628660892,-0.0004999155601880818,False,-2.839655262543077,0.004886232671290689,True,-2.839655262543077
963,-6.267893956463612e-05,0.0005959682046265809,-0.0012364146152671054,0.001111056736137833,True,-0.10517161667023699,0.9163236289418322,False,-0.105171616670237
964,0.00038058955993579497,0.0005993098341855138,-0.0007997273222771105,0.0015609064421487004,True,0.6350464121000642,0.5259766122455748,False,0.6350464121000643
965,0.0008815940886996495,0.00064171342894743,-0.000382234986888197,0.002145423164287496,True,1.3738127471411707,0.1707254811515782,False,1.373812747141171
966,0.00029638453518029994,0.0006579796922759283,-0.0009994802990785849,0.0015922493694391845,True,0.45044632632219456,0.6527774801488828,False,0.4504463263221946
967,0.0014961274223997682,0.0006764069039120115,0.0001639709277249683,0.002828283917074568,False,2.211874854834994,0.02787642019159799,True,2.2118748548349942
968,-0.0005211099245309961,0.0006229272109025717,-0.001747940290859526,0.0007057204417975338,True,-0.8365502668858366,0.4036411283684098,False,-0.8365502668858364
969,0.00035857123321431523,0.0006457909020591139,-0.0009132882634945699,0.0016304307299232004,True,0.5552435503055331,0.579222585401121,False,0.5552435503055332
970,-0.0013324420048692518,0.0005863146179062712,-0.0024871653254760076,-0.00017771868426249573,False,-2.2725716947453924,0.023898128963332103,True,-2.272571694745392
971,9.903077497408036e-05,0.0005861776256256765,-0.0010554227447846078,0.0012534842947327684,True,0.16894328723034507,0.865977316272482,False,0.16894328723034507
972,0.0008237451952385458,0.0006811312707449538,-0.0005177157520125528,0.0021652061424896445,True,1.2093780312532338,0.2276555261241885,False,1.209378031253234
973,0.00030683431037855226,0.0006070556463236124,-0.0008887376407678913,0.0015024062615249959,True,0.5054467613253751,0.6136886342712735,False,0.5054467613253751
974,-0.0002620702369045721,0.0006302836685794127,-0.001503388854040901,0.000979248380231757,True,-0.4157972829841022,0.6779136117247837,False,-0.4157972829841022
975,-0.0003284833585348348,0.0006063847151729278,-0.001522733937464799,0.0008657672203951295,True,-0.5417078470408979,0.5885003121958834,False,-0.5417078470408979
976,-0.000849806198560705,0.0006160474162405319,-0.0020630870829308756,0.00036347468580946577,True,-1.379449334836433,0.16898400263718047,False,-1.379449334836433
977,0.00039360144323830656,0.0006378785480194142,-0.0008626749868856706,0.0016498778733622836,True,0.6170476252264986,0.5377626323288608,False,0.6170476252264987
978,0.0002042454172669624,0.0006409457686614732,-0.0010580717819196723,0.001466562616453597,True,0.31866255657401527,0.7502474162191424,False,0.31866255657401527
979,0.002068190215979975,0.0006156465552325637,0.0008556988114216428,0.003280681620538307,False,3.3593791736537946,0.0009027076142601549,True,3.359379173653794
980,-9.850133314826781e-05,0.0005965271773629721,-0.0012733378834231624,0.0010763352171266267,True,-0.16512463620468407,0.8689787926538662,False,-0.16512463620468407
981,-0.00019140689123407987,0.000644597017882017,-0.0014609150805402601,0.0010781012980721004,True,-0.2969403920964365,0.7667575986696336,False,-0.2969403920964366
982,0.0004604424766335951,0.0006465249082698026,-0.0008128626161137773,0.0017337475693809676,True,0.7121805683648106,0.4770144186715834,False,0.7121805683648107
983,0.00012316198558797099,0.0005745725613833091,-0.0010084358217109888,0.0012547597928869306,True,0.21435410227640006,0.8304449695998605,False,0.21435410227640006
984,0.00012872536566861973,0.0006379444674246376,-0.0011276808901021472,0.0013851316214393869,True,0.20178145942432904,0.8402510152380973,False,0.20178145942432907
985,0.0006335811990035714,0.0006152531192577693,-0.0005781353490504441,0.0018452977470575869,True,1.0297894950421589,0.3041001254816203,False,1.0297894950421587
986,-0.0004949167166496209,0.0006320476517355795,-0.0017397094284535145,0.0007498759951542727,True,-0.7830370309747973,0.4343435442706187,False,-0.7830370309747974
987,-0.00021587590183610588,0.0005808569677864581,-0.001359850597597783,0.0009280987939255711,True,-0.3716507054374681,0.710466472823287,False,-0.3716507054374682
988,0.0010949710941360509,0.0006601426599600773,-0.00020515361894953748,0.0023950958072216392,True,1.6586885843770045,0.09842760679278167,False,1.6586885843770043
989,0.0008270637752810775,0.0006084500148298236,-0.00037125432918044387,0.002025381879742599,True,1.3592961707994984,0.17527274670362408,False,1.3592961707994986
990,-0.002318947987870606,0.0005550822579116359,-0.003412160417665569,-0.0012257355580756431,False,-4.177665480779538,4.067866173575555e-05,True,-4.177665480779539
991,0.00028011779035863035,0.0006213471222745122,-0.0009436006542614466,0.0015038362349787074,True,0.45082334868346563,0.652506073582879,False,0.4508233486834656
992,-0.0007653321432046509,0.0006069913025130229,-0.0019607773717752706,0.0004301130853659686,True,-1.2608617949484224,0.2085293798742171,False,-1.2608617949484224
993,0.0012821399054765426,0.0006733607525045022,-4.4017315155063866e-05,0.002608297126108149,True,1.9040906389446417,0.05804187480583092,False,1.9040906389446421
994,-2.537060955056746e-05,0.000596036195400918,-0.0011992401903789117,0.001148498971277777,True,-0.04256555180093076,0.9660816969947746,False,-0.04256555180093076
995,0.00022357721682331587,0.0006427580497541645,-0.0010423091978959255,0.001489463631542557,True,0.34784039952331575,0.7282515732209479,False,0.34784039952331575
996,0.0003505483385619856,0.0005871691420929612,-0.000805857933443658,0.001506954610567629,True,0.5970142390529208,0.5510360137984718,False,0.5970142390529207
997,0.0008906779901093384,0.0006155511960892804,-0.00032162560840899536,0.002102981588627672,True,1.4469600510371734,0.14915581806892103,False,1.4469600510371736
998,0.0016206500804881363,0.000641534949210694,0.00035717251364315687,0.0028841276473331157,False,2.526207001632704,0.012146023395363078,True,2.526207001632704
999,-0.0009329752533500357,0.0006531183813815918,-0.0022192659291503515,0.00035331542245028026,True,-1.4284933328264946,0.154393089362824,False,-1.4284933328264946
1000,0.0007440491845962844,0.0006169819484969584,-0.0004710722238839769,0.001959170593076546,True,1.2059496820107571,0.22897242456255598,False,1.2059496820107574
